id,date,mc_mass,p_mass_rm,p_mass_fd,n_mass_fd,n_mass_rm,mass_box,treatment,fd.day,p_mass_cons,p_mass_cons_avg,n_mass_cons,fd.day.count,mc_mass_true,mc_mass_init,mc_mass_diff,pulse_cat
1.1,2018-06-21,431.09,0,3,NA,NA,430.5119048,zone.1,0,0,NA,NA,0,NA,428.09,NA,b1
1.1,2018-06-21,431.09,NA,1.0878,13.4162,NA,430.5119048,zone.1,1,NA,0.099666667,6.1962,3,3.099666667,428.09,NA,b1
1.1,2018-06-24,431.35,NA,0.9912,13.0067,7.22,430.5119048,zone.1,2,NA,0.099666667,5.6467,2,2.271866667000048,428.09,-0.8277999999999524,b1
1.1,2018-06-27,432.88,4.78,0.9727,13.6571,7.36,430.5119048,zone.1,3,0.299,0.099666667,6.7871,1,2.8106666670000204,428.09,0.5387999999999726,b1
1.1,2018-06-30,430.09,NA,0.9606,11.6712,6.87,430.5119048,zone.1,4,NA,0.133566667,5.3312,3,2.133566667,428.09,-0.6771000000000202,p1
1.1,2018-07-03,431.04,NA,1.0074,14.8163,6.34,430.5119048,zone.1,5,NA,0.133566667,6.6863,2,2.1229666670000458,428.09,-0.010599999999954424,p1
1.1,2018-07-06,432.03,2.54,1.0168,13.6729,8.13,430.5119048,zone.1,6,0.4007,0.133566667,3.2029,1,2.105566666999998,428.09,-0.01740000000004782,p1
1.1,2018-07-09,429.89,NA,1.006,14.1716,10.47,430.5119048,zone.1,7,NA,0.4353,5.4716,3,2.235300000000011,428.09,0.12973333300001322,a1.b2
1.1,2018-07-12,431.57,NA,1.0431,14.1106,8.7,430.5119048,zone.1,8,NA,0.4353,5.3906,2,2.9093000000000178,428.09,0.6740000000000066,a1.b2
1.1,2018-07-15,431.38,1.76,1.0083,14.3152,8.72,430.5119048,zone.1,9,1.3059,0.4353,5.3552,1,1.6762000000000206,428.09,-1.2330999999999972,a1.b2
1.1,2018-07-18,430.22,NA,1.013,14.1555,8.96,430.5119048,zone.1,10,NA,0.5771,7.5955,3,2.707100000000052,428.09,1.0309000000000315,a1.b2
1.1,2018-07-21,430.24,NA,1,13.82,6.56,430.5119048,zone.1,11,NA,0.5771,5.27,2,1.7141000000000342,428.09,-0.9930000000000179,p2
1.1,2018-07-24,429.11,1.29,1.03,16.97,8.55,430.5119048,zone.1,12,1.7313,0.5771,12.84,1,-0.4158999999999613,428.09,-2.1299999999999955,p2
1.1,2018-07-27,430.18,NA,0.97,14.02,4.13,430.5119048,zone.1,13,NA,0.475,9.2,3,2.565000000000032,428.09,2.980899999999993,p2
1.1,2018-07-30,430.48,NA,1.01,13.33,4.82,430.5119048,zone.1,14,NA,0.475,5.58,2,1.895000000000043,428.09,-0.6699999999999888,a2
1.1,2018-08-02,431.62,2.06,1.01,13.68,7.75,430.5119048,zone.1,15,0.95,0.475,3.67,1,2.0250000000000297,428.09,0.12999999999998657,a2
1.1,2018-08-05,431.74,NA,1,13.6,10.01,430.5119048,zone.1,16,NA,NA,NA,0,NA,428.09,NA,a2
1.2,2018-06-21,440.12,0,3,NA,NA,430.5119048,zone.1,0,0,NA,NA,0,NA,437.12,NA,b1
1.2,2018-06-21,440.12,NA,1.0931,14.2467,NA,430.5119048,zone.1,1,NA,0.524466667,6.4967,3,3.524466667,437.12,NA,b1
1.2,2018-06-24,440.93,NA,1.0403,13.8998,7.75,430.5119048,zone.1,2,NA,0.524466667,6.3698,2,3.2413666670000025,437.12,-0.28309999999999746,b1
1.2,2018-06-27,443.09,3.56,0.967,14.6186,7.53,430.5119048,zone.1,3,1.5734,0.524466667,6.3686,1,4.361066666999971,437.12,1.1196999999999684,b1
1.2,2018-06-30,440,NA,1.0622,11.2996,8.25,430.5119048,zone.1,4,NA,0.3265,4.0796,3,3.2064999999999957,437.12,-1.1545666669999752,p1
1.2,2018-07-03,439.04,NA,1.0203,13.902,7.22,430.5119048,zone.1,5,NA,0.3265,6.072,2,1.184300000000016,437.12,-2.02219999999998,p1
1.2,2018-07-06,441.31,2.07,1.0069,13.3129,7.83,430.5119048,zone.1,6,0.9795,0.3265,6.2529,1,2.4339999999999984,437.12,1.2496999999999825,p1
1.2,2018-07-09,438.95,NA,1.032,14.8606,7.06,430.5119048,zone.1,7,NA,0.353533333,6.2306,3,2.183533332999984,437.12,-0.2504666670000142,a1.b2
1.2,2018-07-12,440.67,NA,1.0317,14.1032,8.63,430.5119048,zone.1,8,NA,0.353533333,6.8532,2,2.8715333330000115,437.12,0.6880000000000273,a1.b2
1.2,2018-07-15,439.95,2.01,0.9768,14.028,7.25,430.5119048,zone.1,9,1.0606,0.353533333,6.618,1,1.1198333329999839,437.12,-1.7517000000000276,a1.b2
1.2,2018-07-18,438.82,NA,1.0078,14.3753,7.41,430.5119048,zone.1,10,NA,0.461533333,7.6853,3,2.161533332999989,437.12,1.041700000000005,a1.b2
1.2,2018-07-21,439.18,NA,0.99,13.75,6.69,430.5119048,zone.1,11,NA,0.461533333,5.7,2,1.5137333330000022,437.12,-0.6477999999999866,p2
1.2,2018-07-24,438.2,1.59,0.97,15.33,8.05,430.5119048,zone.1,12,1.3846,0.461533333,10.53,1,-0.45626666700001595,437.12,-1.9700000000000182,p2
1.2,2018-07-27,436.07,NA,1.03,14.18,4.8,430.5119048,zone.1,13,NA,0.9,5.66,3,-0.15000000000001135,437.12,0.3062666670000046,p2
1.2,2018-07-30,441.39,NA,1,14.2,8.52,430.5119048,zone.1,14,NA,0.9,7.17,2,4.139999999999982,437.12,4.289999999999993,a2
1.2,2018-08-02,440.44,1.2,0.98,14.34,7.03,430.5119048,zone.1,15,1.8,0.9,5.88,1,2.1899999999999933,437.12,-1.9499999999999886,a2
1.2,2018-08-05,441.31,NA,0.99,13.67,8.46,430.5119048,zone.1,16,NA,NA,NA,0,NA,437.12,NA,a2
1.3,2018-06-21,434.17,0,3,NA,NA,435.04,zone.1,0,0,NA,NA,0,NA,431.17,NA,b1
1.3,2018-06-21,434.17,NA,1.0948,14.4343,NA,435.04,zone.1,1,NA,0.540133333,4.4243,3,3.540133333,431.17,NA,b1
1.3,2018-06-24,436.79,NA,0.9656,14.4056,10.01,435.04,zone.1,2,NA,0.540133333,3.2956,2,5.065333333000004,431.17,1.5252000000000043,b1
1.3,2018-06-27,434.77,3.44,0.993,13.8466,11.11,435.04,zone.1,3,1.6204,0.540133333,4.7266,1,2.0797333329999654,431.17,-2.985600000000039,b1
1.3,2018-06-30,432.91,NA,0.985,11.7187,9.12,435.04,zone.1,4,NA,-0.0344,2.8187,3,1.705600000000009,431.17,-0.3741333329999563,p1
1.3,2018-07-03,433.77,NA,0.9888,14.2905,8.9,435.04,zone.1,5,NA,-0.0344,5.8405,2,1.580599999999966,431.17,-0.12500000000004308,p1
1.3,2018-07-06,434.03,3.07,1.0294,13.6652,8.45,435.04,zone.1,6,-0.1032,-0.0344,5.3652,1,0.8517999999999569,431.17,-0.7288000000000091,p1
1.3,2018-07-09,433.13,NA,1.0028,14.4074,8.3,435.04,zone.1,7,NA,0.307433333,6.7974,3,2.2674333329999796,431.17,1.4156333330000228,a1.b2
1.3,2018-07-12,433.32,NA,1.0401,11.9035,7.61,435.04,zone.1,8,NA,0.307433333,4.3435,2,1.4546333329999772,431.17,-0.8128000000000024,a1.b2
1.3,2018-07-15,434.45,2.15,1.0208,14.4891,7.56,435.04,zone.1,9,0.9223,0.307433333,6.8791,1,1.5445333329999729,431.17,0.08989999999999565,a1.b2
1.3,2018-07-18,433.4,NA,1.0081,14.5828,7.61,435.04,zone.1,10,NA,0.749633333,5.0628,3,2.9796333329999616,431.17,1.4350999999999887,a1.b2
1.3,2018-07-21,435.7,NA,1.01,13.37,9.52,435.04,zone.1,11,NA,0.749633333,6.66,2,4.271533332999973,431.17,1.2919000000000116,p2
1.3,2018-07-24,434.46,0.79,1.01,15.43,6.71,435.04,zone.1,12,2.2489,0.749633333,8.92,1,2.021533332999964,431.17,-2.2500000000000093,p2
1.3,2018-07-27,433.98,NA,1.01,13.39,6.51,435.04,zone.1,13,NA,0.95,7.7,3,3.7600000000000025,431.17,1.7384666670000386,p2
1.3,2018-07-30,435.1,NA,1.03,14.17,5.69,435.04,zone.1,14,NA,0.95,7.31,2,3.870000000000007,431.17,0.11000000000000476,a2
1.3,2018-08-02,434.37,1.15,1,14.28,6.86,435.04,zone.1,15,1.9,0.95,7,1,2.1099999999999883,431.17,-1.7600000000000189,a2
1.3,2018-08-05,435.2,NA,1.02,13.84,7.28,435.04,zone.1,16,NA,NA,NA,0,NA,431.17,NA,a2
1.4,2018-06-21,426.21,0,3,NA,NA,430.5119048,zone.1,0,0,NA,NA,0,NA,423.21,NA,b1
1.4,2018-06-21,426.21,NA,1.0033,14.3036,NA,430.5119048,zone.1,1,NA,0.171933333,4.4136,3,3.171933333,423.21,NA,b1
1.4,2018-06-25,423.85,NA,0.9925,14.6372,9.89,430.5119048,zone.1,2,NA,0.171933333,3.8172,2,-0.19136666699995689,423.21,-3.363299999999957,b1
1.4,2018-06-28,424.48,4.48,1.0103,14.6899,10.82,430.5119048,zone.1,3,0.5158,0.171933333,6.1599,1,-0.5538666669999615,423.21,-0.3625000000000046,b1
1.4,2018-07-01,421.79,NA,0.9881,12.4949,8.53,430.5119048,zone.1,4,NA,0.002833333,2.8049,3,-1.417166666999959,423.21,-0.8632999999999975,p1
1.4,2018-07-04,422.36,NA,1.0001,16.0847,9.69,430.5119048,zone.1,5,NA,0.002833333,7.3047,2,-1.8352666669999658,423.21,-0.4181000000000068,p1
1.4,2018-07-07,423.19,2.99,1.032,16.1522,8.78,430.5119048,zone.1,6,0.0085,0.002833333,6.4722,1,-2.005366666999982,423.21,-0.17010000000001613,p1
1.4,2018-07-10,421.23,NA,1.0034,15.0846,9.68,430.5119048,zone.1,7,NA,-0.1495,4.6746,3,-2.1294999999999615,423.21,-0.12413333299997964,a1.b2
1.4,2018-07-13,421.72,NA,1.0161,13.7549,10.41,430.5119048,zone.1,8,NA,-0.1495,2.3949,2,-2.6428999999999525,423.21,-0.513399999999991,a1.b2
1.4,2018-07-16,422.28,3.5,1.0285,15.206,11.36,430.5119048,zone.1,9,-0.4485,-0.1495,3.066,1,-3.099000000000007,423.21,-0.45610000000005435,a1.b2
1.4,2018-07-19,420.62,NA,1.0164,14.5553,12.14,430.5119048,zone.1,10,NA,0.1583,5.6953,3,-2.431699999999975,423.21,0.667300000000032,a1.b2
1.4,2018-07-23,421.73,NA,1.02,13.93,8.86,430.5119048,zone.1,11,NA,0.1583,5.28,2,-2.338099999999961,423.21,0.09360000000001367,p2
1.4,2018-07-26,422.9,2.59,1,14.03,8.65,430.5119048,zone.1,12,0.4749,0.1583,6.82,1,-2.188100000000002,423.21,0.14999999999995905,p2
1.4,2018-07-29,421.03,NA,1.03,13.38,7.21,430.5119048,zone.1,13,NA,0.445,4.68,3,-1.7350000000000068,423.21,0.4530999999999954,p2
1.4,2018-08-02,422.15,NA,1,14.41,8.7,430.5119048,zone.1,14,NA,0.445,7.53,2,-1.6450000000000025,423.21,0.0900000000000043,a2
1.4,2018-08-06,422.41,2.14,1,13.57,6.88,430.5119048,zone.1,15,0.89,0.445,4.39,1,-2.384999999999955,423.21,-0.7399999999999525,a2
1.4,2018-08-09,421.35,NA,1.02,13.72,9.18,430.5119048,zone.1,16,NA,NA,NA,0,NA,423.21,NA,a2
1.5,2018-06-21,436.57,0,3,NA,NA,435.98,zone.1,0,0,NA,NA,0,NA,433.57,NA,b1
1.5,2018-06-21,436.57,NA,1.1133,14.1876,NA,435.98,zone.1,1,NA,0.585866667,6.4776,3,3.585866667,433.57,NA,b1
1.5,2018-06-24,436.02,NA,1.0043,13.8688,7.71,435.98,zone.1,2,NA,0.585866667,6.2688,2,1.9225666669999888,433.57,-1.663300000000011,b1
1.5,2018-06-27,436.6,3.36,1.0411,14.3756,7.6,435.98,zone.1,3,1.7576,0.585866667,7.0556,1,1.49826666700003,433.57,-0.4242999999999588,b1
1.5,2018-06-30,434.44,NA,1.0095,11.0786,7.32,435.98,zone.1,4,NA,0.286433333,3.3286,3,1.1564333330000045,433.57,-0.34183333400002547,p1
1.5,2018-07-03,435.11,NA,1.0187,14.1667,7.75,435.98,zone.1,5,NA,0.286433333,7.1367,2,0.8169333330000204,433.57,-0.33949999999998415,p1
1.5,2018-07-06,436.25,2.21,1.0082,12.9238,7.03,435.98,zone.1,6,0.8593,0.286433333,5.3438,1,0.9382333330000068,433.57,0.12129999999998642,p1
1.5,2018-07-09,433.95,NA,1.0047,14.2324,7.58,435.98,zone.1,7,NA,0.607666667,5.9624,3,0.9876666669999955,433.57,0.04943333399998873,a1.b2
1.5,2018-07-13,435.34,NA,1.0201,14.193,8.27,435.98,zone.1,8,NA,0.607666667,7.033,2,1.3729666669999818,433.57,0.3852999999999863,a1.b2
1.5,2018-07-15,435.79,1.21,0.357,13.718,7.16,435.98,zone.1,9,1.823,0.607666667,5.878,1,0.8028666670000274,433.57,-0.5700999999999544,a1.b2
1.5,2018-07-18,434.93,NA,0.9872,14.6217,7.84,435.98,zone.1,10,NA,0.114733333,7.0917,3,1.4747333330000136,433.57,0.6718666659999862,a1.b2
1.5,2018-07-21,435.37,NA,1.04,13.13,7.53,435.98,zone.1,11,NA,0.114733333,4.59,2,0.9275333330000114,433.57,-0.5472000000000022,p2
1.5,2018-07-24,437.31,2.04,0.99,14.77,8.54,435.98,zone.1,12,0.3442,0.114733333,5.89,1,1.827533333000009,433.57,0.8999999999999976,p2
1.5,2018-07-27,435.63,NA,1.03,13.87,8.88,435.98,zone.1,13,NA,0.805,4.66,3,2.8650000000000024,433.57,1.0374666669999935,p2
1.5,2018-07-30,436.88,NA,1.02,13.87,9.21,435.98,zone.1,14,NA,0.805,5.41,2,3.085000000000002,433.57,0.21999999999999975,a2
1.5,2018-08-02,435.93,1.43,1,14.44,8.46,435.98,zone.1,15,1.61,0.805,1.39,1,1.1150000000000135,433.57,-1.9699999999999886,a2
1.5,2018-08-05,435.41,NA,0.99,13.41,13.05,435.98,zone.1,16,NA,NA,NA,0,NA,433.57,NA,a2
1.6,2018-06-21,425.93,0,3,NA,NA,427.24,zone.1,0,0,NA,NA,0,NA,422.93,NA,b1
1.6,2018-06-21,425.93,NA,1.0134,13.6101,NA,427.24,zone.1,1,NA,1.2469,7.3401,3,4.2469,422.93,NA,b1
1.6,2018-06-24,426.58,NA,0.9973,14.2005,6.27,427.24,zone.1,2,NA,1.2469,7.7805,2,3.8834999999999775,422.93,-0.3634000000000226,b1
1.6,2018-06-27,427.51,1.27,0.9675,14.0879,6.42,427.24,zone.1,3,3.7407,1.2469,7.3379,1,3.8161999999999843,422.93,-0.06729999999999325,b1
1.6,2018-06-30,427.15,NA,0.9886,12.3652,6.75,427.24,zone.1,4,NA,0.5477,5.2952,3,4.76769999999997,422.93,0.951499999999986,p1
1.6,2018-07-04,427.29,NA,1.017,14.3581,7.07,427.24,zone.1,5,NA,0.5477,6.8281,2,3.9191000000000136,422.93,-0.8485999999999567,p1
1.6,2018-07-06,423.27,1.33,0.9631,14.3293,7.53,427.24,zone.1,6,1.6431,0.5477,6.7693,1,-1.117900000000025,422.93,-5.037000000000038,p1
1.6,2018-07-09,425.53,NA,0.9889,15.7206,7.56,427.24,zone.1,7,NA,0.5235,6.2606,3,3.1234999999999657,422.93,4.241399999999991,a1.b2
1.6,2018-07-12,426.51,NA,1.0185,13.8276,9.46,427.24,zone.1,8,NA,0.5235,5.6176,2,3.114599999999984,422.93,-0.008899999999981922,a1.b2
1.6,2018-07-15,426.35,1.4,1.0436,14.1302,8.21,427.24,zone.1,9,1.5705,0.5235,4.3202,1,1.9361000000000157,422.93,-1.1784999999999681,a1.b2
1.6,2018-07-18,427.31,NA,1.0251,14.337,9.81,427.24,zone.1,10,NA,0.3529,6.707,3,4.7328999999999954,422.93,2.7967999999999797,a1.b2
1.6,2018-07-21,426.18,NA,1.01,12.96,7.63,427.24,zone.1,11,NA,0.3529,5.08,2,2.5778,422.93,-2.1550999999999956,p2
1.6,2018-07-24,427.09,2.02,0.98,14.91,7.88,427.24,zone.1,12,1.0587,0.3529,7,1,2.4777999999999683,422.93,-0.10000000000003162,p2
1.6,2018-07-27,426.15,NA,1.02,13.56,7.91,427.24,zone.1,13,NA,0.325,2.81,3,3.5449999999999706,422.93,1.0672000000000024,p2
1.6,2018-07-30,426.35,NA,1.02,13.87,10.75,427.24,zone.1,14,NA,0.325,5.8,2,2.725000000000016,422.93,-0.8199999999999545,a2
1.6,2018-08-02,427.45,2.37,1,13.29,8.07,427.24,zone.1,15,0.65,0.325,2.53,1,2.804999999999982,422.93,0.07999999999996588,a2
1.6,2018-08-05,424.88,NA,1.02,13.88,10.76,427.24,zone.1,16,NA,NA,NA,0,NA,422.93,NA,a2
1.7,2018-06-21,431.73,0,3,NA,NA,433.31,zone.1,0,0,NA,NA,0,NA,428.73,NA,b1
1.7,2018-06-21,431.73,NA,1.0094,14.1628,NA,433.31,zone.1,1,NA,0.664433333,7.7428,3,3.664433333,428.73,NA,b1
1.7,2018-06-24,432.08,NA,0.9939,13.4749,6.42,433.31,zone.1,2,NA,0.664433333,6.3749,2,3.0050333329999654,428.73,-0.6594000000000344,b1
1.7,2018-06-27,432.9,3.01,1.0002,13.595,7.1,433.31,zone.1,3,1.9933,0.664433333,5.575,1,2.8311333329999586,428.73,-0.17390000000000683,b1
1.7,2018-06-30,431.32,NA,1.0064,12.2451,8.02,433.31,zone.1,4,NA,0.273866667,4.5351,3,2.863866666999975,428.73,0.032733334000016434,p1
1.7,2018-07-03,431.76,NA,1.035,14.0641,7.71,433.31,zone.1,5,NA,0.273866667,7.5441,2,2.2974666669999726,428.73,-0.5664000000000025,p1
1.7,2018-07-06,432.53,2.22,0.9888,13.3682,6.52,433.31,zone.1,6,0.8216,0.273866667,6.6482,1,2.0324666669999543,428.73,-0.26500000000001833,p1
1.7,2018-07-09,430.42,NA,1.0373000000000001,14.225,6.72,433.31,zone.1,7,NA,0.563766667,5.345,3,2.2537666669999976,428.73,0.22130000000004335,a1.b2
1.7,2018-07-12,432.8,NA,1.0252,13.7337,8.88,433.31,zone.1,8,NA,0.563766667,6.3137,2,3.596466666999993,428.73,1.3426999999999953,a1.b2
1.7,2018-07-16,432.37,1.36,0.3833,14.3535,7.42,433.31,zone.1,9,1.6913,0.563766667,6.6435,1,2.1412666669999862,428.73,-1.4552000000000067,a1.b2
1.7,2018-07-18,430.93,NA,1.0023,14.2996,7.71,433.31,zone.1,10,NA,0.591866667,7.8296,3,2.7918666669999888,428.73,0.6506000000000025,a1.b2
1.7,2018-07-21,431.87,NA,1.04,13.97,6.47,433.31,zone.1,11,NA,0.591866667,6.13,2,2.7295666669999865,428.73,-0.06230000000000224,p2
1.7,2018-07-24,432.74,0.65,1.02,15.4,7.84,433.31,zone.1,12,1.7756,0.591866667,8.14,1,2.559566666999991,428.73,-0.1699999999999955,p2
1.7,2018-07-27,431.77,NA,1,13.87,7.26,433.31,zone.1,13,NA,0.655,4.02,3,3.694999999999964,428.73,1.1354333329999728,p2
1.7,2018-07-30,432.57,NA,1.03,14.03,9.85,433.31,zone.1,14,NA,0.655,7.67,2,3.4949999999999752,428.73,-0.19999999999998863,a2
1.7,2018-08-02,433.23,1.74,1.01,14.46,6.36,433.31,zone.1,15,1.31,0.655,5.96,1,3.125,428.73,-0.36999999999997524,a2
1.7,2018-08-05,433.09,NA,1,14.19,8.5,433.31,zone.1,16,NA,NA,NA,0,NA,428.73,NA,a2
2.1,2018-06-21,431.39,0,3,NA,NA,427.54,zone.2,0,0,NA,NA,0,NA,428.39,NA,b1
2.1,2018-06-21,431.39,NA,2.0175,17.975,NA,427.54,zone.2,1,NA,0.346466667,11.885,3,3.346466667,428.39,NA,b1
2.1,2018-06-24,434.51,NA,2.0019,17.9212,6.09,427.54,zone.2,2,NA,0.346466667,5.1812,2,4.448966667000004,428.39,1.102500000000004,b1
2.1,2018-06-27,435.21,5.98,1.9892,17.271,12.74,427.54,zone.2,3,1.0394,0.346466667,5.341,1,3.147066666999993,428.39,-1.301900000000011,b1
2.1,2018-06-30,431.64,NA,2.0051,16.386,11.93,427.54,zone.2,4,NA,0.551666667,6.436,3,3.801666667,428.39,0.654600000000007,p1
2.1,2018-07-03,434.26,NA,1.9807,18.0548,9.95,427.54,zone.2,5,NA,0.551666667,6.8948,2,4.416566667000004,428.39,0.614900000000004,p1
2.1,2018-07-06,436.68,4.32,2.0014,16.3768,11.16,427.54,zone.2,6,1.655,0.551666667,6.3368,1,4.855866667000021,428.39,0.4393000000000171,p1
2.1,2018-07-09,431.62,NA,2.0146,17.6023,10.04,427.54,zone.2,7,NA,0.802266667,7.1523,3,4.032266667000018,428.39,-0.8236000000000034,a1.b2
2.1,2018-07-12,433.8,NA,2.0108,17.4766,10.45,427.54,zone.2,8,NA,0.802266667,6.9766,2,4.197666667000025,428.39,0.1654000000000071,a1.b2
2.1,2018-07-15,436.58,3.62,2.0033,17.2021,10.5,427.54,zone.2,9,2.4068,0.802266667,7.1921,1,4.966866666999998,428.39,0.769199999999973,a1.b2
2.1,2018-07-18,433.33,NA,1.9892,18.1743,10.01,427.54,zone.2,10,NA,0.3275,10.0043,3,5.267499999999997,428.39,0.3006333329999995,a1.b2
2.1,2018-07-21,434.96,NA,2.01,19.06,8.17,427.54,zone.2,11,NA,0.3275,6.41,2,4.908299999999993,428.39,-0.35920000000000485,p2
2.1,2018-07-24,433.66,5.02,2.02,18.33,12.65,427.54,zone.2,12,0.9825,0.3275,8.81,1,1.5983000000000387,428.39,-3.309999999999954,p2
2.1,2018-07-27,433.5,NA,2.02,17.51,9.52,427.54,zone.2,13,NA,0.93,4.14,3,6.040000000000013,428.39,4.441699999999974,p2
2.1,2018-07-30,434.44,NA,2,18.25,13.37,427.54,zone.2,14,NA,0.93,9.83,2,4.9600000000000115,428.39,-1.0800000000000018,a2
2.1,2018-08-02,436.69,4.18,2,18.38,8.42,427.54,zone.2,15,1.86,0.93,5.21,1,5.2100000000000115,428.39,0.25,a2
2.1,2018-08-05,434.24,NA,2,17.65,13.17,427.54,zone.2,16,NA,NA,NA,0,NA,428.39,NA,a2
2.2,2018-06-21,425.75,0,3,NA,NA,426.63,zone.2,0,0,NA,NA,0,NA,422.75,NA,b1
2.2,2018-06-21,425.75,NA,1.0931,14.2467,NA,426.63,zone.2,1,NA,0.709233333,5.1667,3,3.7092333330000002,422.75,NA,b1
2.2,2018-06-24,427.91,NA,1.9946,18.371,9.08,426.63,zone.2,2,NA,0.709233333,7.361,2,4.7761333330000255,422.75,1.0669000000000253,b1
2.2,2018-06-27,429.68,3.96,2.0116,17.0447,11.01,426.63,zone.2,3,2.1277,0.709233333,4.9147,1,4.551533333000007,422.75,-0.22460000000001834,b1
2.2,2018-06-30,427.81,NA,2.0321,17.7378,12.13,426.63,zone.2,4,NA,-0.005933333,10.4078,3,5.0540666670000025,422.75,0.5025333339999953,p1
2.2,2018-07-03,429.9,NA,1.9685,17.7014,7.33,426.63,zone.2,5,NA,-0.005933333,6.4414,2,5.111966666999978,422.75,0.057899999999975194,p1
2.2,2018-07-06,431.9,6.03,2.0109,16.7868,11.26,426.63,zone.2,6,-0.0178,-0.005933333,9.8868,1,5.143466666999978,422.75,0.031500000000000306,p1
2.2,2018-07-09,425.77,NA,2.0359,17.197,6.9,426.63,zone.2,7,NA,0.440166667,9.747,3,3.460166666999982,422.75,-1.683299999999996,a1.b2
2.2,2018-07-12,427.84,NA,2.0237,17.3644,7.45,426.63,zone.2,8,NA,0.440166667,5.7044,2,3.4942666669999753,422.75,0.03409999999999336,a1.b2
2.2,2018-07-15,431,4.75,2.0171,27.3247,11.66,426.63,zone.2,9,1.3205,0.440166667,19.1047,1,4.630566667,422.75,1.1363000000000247,a1.b2
2.2,2018-07-18,426.58,NA,1.9978,17.9775,8.22,426.63,zone.2,10,NA,0.601633333,5.9675,3,4.431633332999984,422.75,-0.19893333400001634,a1.b2
2.2,2018-07-21,428.54,NA,2.02,17.91,12.01,426.63,zone.2,11,NA,0.601633333,7.7,2,4.39383333300002,422.75,-0.03779999999996342,p2
2.2,2018-07-24,430.07,4.23,2.01,18.11,10.21,426.63,zone.2,12,1.8049,0.601633333,9.19,1,3.903833332999994,422.75,-0.4900000000000264,p2
2.2,2018-07-27,428.08,NA,2.01,17.56,8.92,426.63,zone.2,13,NA,1.155,6.76,3,6.484999999999984,422.75,2.5811666669999904,p2
2.2,2018-07-30,429.88,NA,2,17.67,10.8,426.63,zone.2,14,NA,1.155,10.32,2,6.274999999999996,422.75,-0.20999999999998842,a2
2.2,2018-08-02,430.71,3.71,2.01,16.31,7.35,426.63,zone.2,15,2.31,1.155,7.43,1,5.10499999999998,422.75,-1.170000000000016,a2
2.2,2018-08-05,428.16,NA,2.02,17.53,8.88,426.63,zone.2,16,NA,NA,NA,0,NA,422.75,NA,a2
2.3,2018-06-21,427.6,0,3,NA,NA,427.46,zone.2,0,0,NA,NA,0,NA,424.6,NA,b1
2.3,2018-06-21,427.6,NA,2.0086,17.9294,NA,427.46,zone.2,1,NA,0.324333333,8.8194,3,3.3243333330000002,424.6,NA,b1
2.3,2018-06-24,429.46,NA,1.9944,17.0933,9.11,427.46,zone.2,2,NA,0.324333333,6.8233,2,3.1757333329999566,424.6,-0.14860000000004359,b1
2.3,2018-06-27,431.02,6.03,2.0124,17.4564,10.27,427.46,zone.2,3,0.973,0.324333333,9.1964,1,2.741333332999959,424.6,-0.43439999999999745,b1
2.3,2018-06-30,429.6,NA,1.9829,17.2058,8.26,427.46,zone.2,4,NA,0.071466667,8.8358,3,5.071466667,424.6,2.330133334000041,p1
2.3,2018-07-03,432.29,NA,1.9791,16.2303,8.37,427.46,zone.2,5,NA,0.071466667,7.8203,2,5.778566666999998,424.6,0.7070999999999978,p1
2.3,2018-07-06,434.92,5.76,2.0038,17.2802,8.41,427.46,zone.2,6,0.2144,0.071466667,5.1102,1,6.429466666999993,424.6,0.6508999999999947,p1
2.3,2018-07-09,428.66,NA,2.0129,18.2996,12.17,427.46,zone.2,7,NA,-0.224333333,7.6596,3,3.835666667000002,424.6,-2.5937999999999906,a1.b2
2.3,2018-07-12,431.67,NA,2.0303,17.5796,10.64,427.46,zone.2,8,NA,-0.224333333,5.8996,2,4.832766666999993,424.6,0.9970999999999912,a1.b2
2.3,2018-07-15,433.74,6.72,1.9076,17.337,11.68,427.46,zone.2,9,-0.673,-0.224333333,6.057,1,4.872466666999986,424.6,0.03969999999999274,a1.b2
2.3,2018-07-18,429.16,NA,2.0029,18.0999,11.28,427.46,zone.2,10,NA,0.3035,6.9599,3,4.863500000000002,424.6,-0.008966666999984163,a1.b2
2.3,2018-07-21,431.77,NA,2,17.89,11.14,427.46,zone.2,11,NA,0.3035,5.35,2,5.470599999999958,424.6,0.6070999999999565,p2
2.3,2018-07-24,430.09,5,2,17.68,12.54,427.46,zone.2,12,0.9105,0.3035,-1.01,1,1.7905999999999525,424.6,-3.680000000000006,p2
2.3,2018-07-27,428.48,NA,2,18.3,18.69,427.46,zone.2,13,NA,1.2,5.03,3,5.079999999999996,424.6,3.289400000000043,p2
2.3,2018-07-30,430.48,NA,2,17.71,13.27,427.46,zone.2,14,NA,1.2,9.3,2,5.079999999999996,424.6,0,a2
2.3,2018-08-02,430.21,3.6,2,17.18,8.41,427.46,zone.2,15,2.4,1.2,5.97,1,2.809999999999957,424.6,-2.2700000000000387,a2
2.3,2018-08-05,430.87,NA,2,17.18,11.21,427.46,zone.2,16,NA,NA,NA,0,NA,424.6,NA,a2
2.4,2018-06-21,429.17,0,3,NA,NA,430.9,zone.2,0,0,NA,NA,0,NA,426.17,NA,b1
2.4,2018-06-21,429.17,NA,2.0601,16.97,NA,430.9,zone.2,1,NA,0.363366667,7.13,3,3.363366667,426.17,NA,b1
2.4,2018-06-24,432.05,NA,2.01,17.0532,9.84,430.9,zone.2,2,NA,0.363366667,6.1532,2,4.183266666999995,426.17,0.8198999999999952,b1
2.4,2018-06-27,433.48,5.98,1.9852,16.4389,10.9,430.9,zone.2,3,1.0901,0.363366667,6.4489,1,3.6032666670000024,426.17,-0.579999999999993,b1
2.4,2018-06-30,429.61,NA,2.0421,17.838,9.99,430.9,zone.2,4,NA,0.095,5.348,3,3.534999999999998,426.17,-0.0682666670000045,p1
2.4,2018-07-03,432.37,NA,2.0177,18.0552,12.49,430.9,zone.2,5,NA,0.095,5.3652,2,4.252899999999989,426.17,0.7178999999999909,p1
2.4,2018-07-06,434.46,5.76,1.9776,16.9014,12.69,430.9,zone.2,6,0.285,0.095,6.6014,1,4.325199999999964,426.17,0.07229999999997538,p1
2.4,2018-07-09,429.53,NA,1.9976,17.3423,10.3,430.9,zone.2,7,NA,0.438666667,4.6123,3,3.798666666999957,426.17,-0.5265333330000073,a1.b2
2.4,2018-07-12,431.11,NA,2.0008,17.4002,12.73,430.9,zone.2,8,NA,0.438666667,7.0002,2,3.3810666669999976,426.17,-0.41759999999995934,a1.b2
2.4,2018-07-15,432.57,4.66,2.0021,19.0583,10.4,430.9,zone.2,9,1.316,0.438666667,5.1583,1,2.840266666999977,426.17,-0.5408000000000204,a1.b2
2.4,2018-07-18,429.68,NA,1.9328,17.9809,13.9,430.9,zone.2,10,NA,0.434633333,9.7809,3,3.9446333329999907,426.17,1.1043666660000135,a1.b2
2.4,2018-07-21,432.97,NA,2.009,17.88,8.2,430.9,zone.2,11,NA,0.434633333,9.82,2,5.301833333000011,426.17,1.3572000000000202,p2
2.4,2018-07-24,434.29,4.64,2,17.77,8.06,430.9,zone.2,12,1.3039,0.434633333,8.22,1,4.612833333000004,426.17,-0.6890000000000072,p2
2.4,2018-07-27,428.32,NA,2.03,17.83,9.55,430.9,zone.2,13,NA,1.005,7,3,3.154999999999977,426.17,-1.4578333330000266,p2
2.4,2018-07-30,433.13,NA,2,17.36,10.83,430.9,zone.2,14,NA,1.005,10.12,2,5.93499999999998,426.17,2.780000000000003,a2
2.4,2018-08-02,434.42,4.02,2,16.98,7.24,430.9,zone.2,15,2.01,1.005,6.88,1,5.2250000000000005,426.17,-0.7099999999999795,a2
2.4,2018-08-05,431.32,NA,1.99,17.8,10.1,430.9,zone.2,16,NA,NA,NA,0,NA,426.17,NA,a2
2.5,2018-06-21,432.25,0,3,NA,NA,432.15,zone.2,0,0,NA,NA,0,NA,429.25,NA,b1
2.5,2018-06-21,432.25,NA,2.0274,17.65,NA,432.15,zone.2,1,NA,1.6446,8.11,3,4.6446000000000005,429.25,NA,b1
2.5,2018-06-24,433.58,NA,1.9864,16.9688,9.54,432.15,zone.2,2,NA,1.6446,7.3688,2,3.947199999999984,429.25,-0.6974000000000165,b1
2.5,2018-06-27,433.76,2.08,2.0221,17.9688,9.6,432.15,zone.2,3,4.9338,1.6446,6.7588,1,2.140799999999991,429.25,-1.806399999999993,b1
2.5,2018-06-30,433.68,NA,1.9742,17.2655,11.21,432.15,zone.2,4,NA,-0.225033333,5.7355,3,4.204966667000007,429.25,2.064166667000016,p1
2.5,2018-07-03,435.31,NA,1.9386,17.6998,11.53,432.15,zone.2,5,NA,-0.225033333,5.1098,2,3.8607666670000027,429.25,-0.3442000000000043,p1
2.5,2018-07-06,438.5,6.61,2.0113,17.99,12.59,432.15,zone.2,6,-0.6751,-0.225033333,7.99,1,5.112166667,429.25,1.2513999999999976,p1
2.5,2018-07-09,433.36,NA,1.9744,18.0363,10,432.15,zone.2,7,NA,0.508733333,7.1863,3,4.618733333000014,429.25,-0.49343333399998635,a1.b2
2.5,2018-07-12,436.73,NA,1.9905,17.4607,10.85,432.15,zone.2,8,NA,0.508733333,6.8907,2,6.014333333000018,429.25,1.3956000000000044,a1.b2
2.5,2018-07-15,436.25,4.45,2.03,18.1135,10.57,432.15,zone.2,9,1.5262,0.508733333,7.6335,1,3.543833333,429.25,-2.4705000000000186,a1.b2
2.5,2018-07-18,433.59,NA,2.0258,17.2031,10.48,432.15,zone.2,10,NA,0.261933333,4.9031,3,4.601933332999975,429.25,1.0580999999999752,a1.b2
2.5,2018-07-21,435.5,NA,2.01,18.16,12.3,432.15,zone.2,11,NA,0.261933333,5.18,2,4.486133333,429.25,-0.11579999999997526,p2
2.5,2018-07-24,435.56,5.28,2,18.5,12.98,432.15,zone.2,12,0.7858,0.261933333,7.43,1,2.5361333330000027,429.25,-1.949999999999997,p2
2.5,2018-07-27,433.58,NA,2.02,17.63,11.07,432.15,zone.2,13,NA,0.535,4.65,3,4.864999999999984,429.25,2.3288666669999816,p2
2.5,2018-07-30,433.2,NA,2,17.55,12.98,432.15,zone.2,14,NA,0.535,6.93,2,2.4649999999999888,429.25,-2.3999999999999955,a2
2.5,2018-08-02,436.31,4.95,2,17.86,10.62,432.15,zone.2,15,1.07,0.535,6.03,1,3.5750000000000024,429.25,1.1100000000000136,a2
2.5,2018-08-05,432.94,NA,1.99,17.47,11.83,432.15,zone.2,16,NA,NA,NA,0,NA,429.25,NA,a2
2.6,2018-06-21,430.72,0,3,NA,NA,430.5119048,zone.2,0,0,NA,NA,0,NA,427.72,NA,b1
2.6,2018-06-21,430.72,NA,2.001,17.5511,NA,430.5119048,zone.2,1,NA,0.2449,4.4811,3,3.2449,427.72,NA,b1
2.6,2018-06-24,432.78,NA,2.0337,18.2486,13.07,430.5119048,zone.2,2,NA,0.2449,4.4286,2,3.3038999999999454,427.72,0.05899999999994554,b1
2.6,2018-06-27,433.96,6.3,2.0289,17.6887,13.82,430.5119048,zone.2,3,0.7347,0.2449,6.0787,1,2.4501999999999526,427.72,-0.8536999999999928,b1
2.6,2018-06-30,429.78,NA,1.9958,17.4268,11.61,430.5119048,zone.2,4,NA,0.1341,5.0668,3,2.1940999999999455,427.72,-0.2561000000000071,p1
2.6,2018-07-03,432.38,NA,1.9976,17.6725,12.36,430.5119048,zone.2,5,NA,0.1341,7.0525,2,2.7982999999999683,427.72,0.6042000000000227,p1
2.6,2018-07-06,435.59,5.62,2.0132,17.377,10.62,430.5119048,zone.2,6,0.4023,0.1341,8.947,1,4.0106999999999475,427.72,1.2123999999999793,p1
2.6,2018-07-09,430.32,NA,1.9841,17.7525,8.43,430.5119048,zone.2,7,NA,0.854933333,6.6825,3,3.454933332999966,427.72,-0.5557666669999817,a1.b2
2.6,2018-07-12,431.26,NA,2.0275,17.6292,11.07,430.5119048,zone.2,8,NA,0.854933333,9.5492,2,2.410833332999964,427.72,-1.044100000000002,a1.b2
2.6,2018-07-15,436.73,3.46,1.9933,16.4853,8.08,430.5119048,zone.2,9,2.5648,0.854933333,8.5353,1,5.853333332999991,427.72,3.4425000000000274,a1.b2
2.6,2018-07-18,433.62,NA,2.0342,17.4469,7.95,430.5119048,zone.2,10,NA,0.7725,12.1269,3,6.672499999999977,427.72,0.819166666999986,a1.b2
2.6,2018-07-21,432.33,NA,2.03,18.52,5.32,430.5119048,zone.2,11,NA,0.7725,9.31,2,3.348299999999957,427.72,-3.3242000000000202,p2
2.6,2018-07-24,435.12,3.74,1.98,18.07,9.21,430.5119048,zone.2,12,2.3175,0.7725,11.24,1,4.1082999999999785,427.72,0.7600000000000215,p2
2.6,2018-07-27,433.32,NA,2.01,17.79,6.83,430.5119048,zone.2,13,NA,1.51,8.29,3,7.109999999999966,427.72,3.001699999999987,p2
2.6,2018-07-30,435.65,NA,2,18,9.5,430.5119048,zone.2,14,NA,1.51,10.77,2,7.42999999999995,427.72,0.3199999999999843,a2
2.6,2018-08-02,435.92,2.97,2,16.94,7.23,430.5119048,zone.2,15,3.02,1.51,6.57,1,5.699999999999989,427.72,-1.7299999999999613,a2
2.6,2018-08-05,435.4,NA,2,18.67,10.37,430.5119048,zone.2,16,NA,NA,NA,0,NA,427.72,NA,a2
2.7,2018-06-21,422.94,0,3,NA,NA,423.87,zone.2,0,0,NA,NA,0,NA,419.94,NA,b1
2.7,2018-06-21,422.94,NA,2.0398,17.0771,NA,423.87,zone.2,1,NA,0.383333333,5.2471,3,3.383333333,419.94,NA,b1
2.7,2018-06-24,424.39,NA,2.0002,16.6356,11.83,423.87,zone.2,2,NA,0.383333333,5.5256,2,2.7935333329999885,419.94,-0.5898000000000114,b1
2.7,2018-06-27,426.06,5.89,2.042,17.5409,11.11,423.87,zone.2,3,1.15,0.383333333,6.2109,1,2.463333333000005,419.94,-0.3301999999999836,b1
2.7,2018-06-30,422.25,NA,2.003,17.1465,11.33,423.87,zone.2,4,NA,0.039066667,6.4865,3,2.3490666670000024,419.94,-0.11426666600000246,p1
2.7,2018-07-03,426.47,NA,1.9922,17.757,10.66,423.87,zone.2,5,NA,0.039066667,5.687,2,4.56606666700003,419.94,2.217000000000027,p1
2.7,2018-07-06,425.98,5.92,2.0106,17.3823,12.07,423.87,zone.2,6,0.1172,0.039066667,2.8323,1,2.08386666700002,419.94,-2.4822000000000095,p1
2.7,2018-07-09,421.61,NA,2.03,17.4953,14.55,423.87,zone.2,7,NA,0.3504,4.9853,3,2.020400000000016,419.94,-0.06346666700000414,a1.b2
2.7,2018-07-12,426.16,NA,2.0206,17.3615,12.51,423.87,zone.2,8,NA,0.3504,4.9315,2,4.5404000000000275,419.94,2.5200000000000116,a1.b2
2.7,2018-07-15,425.08,5.01,2.0288,17.9905,12.43,423.87,zone.2,9,1.0512,0.3504,1.2905,1,1.4397999999999866,419.94,-3.100600000000041,a1.b2
2.7,2018-07-18,421.69,NA,2.0092,17.00369,16.7,423.87,zone.2,10,NA,-0.004,8.33369,3,1.746,419.94,0.30620000000001335,a1.b2
2.7,2018-07-21,421.8,NA,1.98,18.55,8.67,423.87,zone.2,11,NA,-0.004,5.57,2,-0.15319999999998624,419.94,-1.8991999999999862,p2
2.7,2018-07-24,426.78,6.03,2.03,18.57,12.98,423.87,zone.2,12,-0.012,-0.004,10.3,1,2.8467999999999747,419.94,2.999999999999961,p2
2.7,2018-07-27,426.83,NA,1.98,17.4,8.27,423.87,zone.2,13,NA,0.845,7.9,3,7.734999999999986,419.94,4.888200000000012,p2
2.7,2018-07-30,426.27,NA,2,17.46,9.5,423.87,zone.2,14,NA,0.845,10.32,2,5.194999999999983,419.94,-2.5400000000000027,a2
2.7,2018-08-02,427.06,4.32,2,17.27,7.14,423.87,zone.2,15,1.69,0.845,7.59,1,3.9850000000000048,419.94,-1.2099999999999786,a2
2.7,2018-08-05,425.81,NA,2.02,17.57,9.68,423.87,zone.2,16,NA,NA,NA,0,NA,419.94,NA,a2
3.1,2018-06-21,425.35,0,3,NA,NA,426.2,zone.3,0,0,NA,NA,0,NA,422.35,NA,b1
3.1,2018-06-21,425.35,NA,1.0021,13.016,NA,426.2,zone.3,1,NA,0.709833333,5.866,3,3.7098333329999997,422.35,NA,b1
3.1,2018-06-24,426.96,NA,0.9674,14.5556,7.15,426.2,zone.3,2,NA,0.709833333,7.5756,2,4.317733332999957,422.35,0.6078999999999573,b1
3.1,2018-06-27,427.02,2.84,0.9983,15.2287,6.98,426.2,zone.3,3,2.1295,0.709833333,8.9587,1,3.4103333329999588,422.35,-0.9073999999999982,b1
3.1,2018-06-30,425.29,NA,3.9177,25.6156,6.27,426.2,zone.3,4,NA,0.526333333,8.7656,3,3.466333332999998,422.35,0.05600000000003913,p1
3.1,2018-07-03,429.31,NA,3.863,24.7499,16.85,426.2,zone.3,5,NA,0.526333333,9.0699,2,3.5686333329999798,422.35,0.10229999999998185,p1
3.1,2018-07-06,433.89,7.2,3.9079,25.2749,15.68,426.2,zone.3,6,1.579,0.526333333,9.7349,1,4.285633332999964,422.35,0.7169999999999845,p1
3.1,2018-07-09,429.57,NA,0.9824,13.9988,15.54,426.2,zone.3,7,NA,0.679966667,5.1888,3,7.899966666999971,422.35,3.6143333340000066,a1.b2
3.1,2018-07-12,429.76,NA,1.0196,13.9003,8.81,426.2,zone.3,8,NA,0.679966667,6.4203,2,7.107566666999968,422.35,-0.7924000000000024,a1.b2
3.1,2018-07-15,428.31,3.87,0.9669,13.3268,7.48,426.2,zone.3,9,2.0399,0.679966667,2.7268,1,4.637966666999979,422.35,-2.469599999999989,a1.b2
3.1,2018-07-18,426.27,NA,0.9909,16.0764,10.6,426.2,zone.3,10,NA,0.575933333,8.4764,3,4.495933332999959,422.35,-0.14203333400002016,a1.b2
3.1,2018-07-21,426.59,NA,3.87,25.66,7.6,426.2,zone.3,11,NA,0.575933333,8.28,2,3.8250333329999524,422.35,-0.6709000000000067,p2
3.1,2018-07-24,430.64,4.1,3.9,27.1,17.38,426.2,zone.3,12,1.7278,0.575933333,8.67,1,4.005033332999964,422.35,0.18000000000001126,p2
3.1,2018-07-27,430.76,NA,3.92,25.79,18.43,426.2,zone.3,13,NA,1.03,4.7,3,9.439999999999968,422.35,5.434966667000004,p2
3.1,2018-07-30,433.46,NA,1,16.37,21.09,426.2,zone.3,14,NA,1.03,8.58,2,8.219999999999956,422.35,-1.2200000000000113,a2
3.1,2018-08-02,433.77,6.76,1,13.81,7.79,426.2,zone.3,15,2.06,1.03,6.2,1,7.529999999999959,422.35,-0.6899999999999968,a2
3.1,2018-08-05,426.84,NA,1,13.79,7.61,426.2,zone.3,16,NA,NA,NA,0,NA,422.35,NA,a2
3.2,2018-06-21,435.41,0,3,NA,NA,429.79,zone.3,0,0,NA,NA,0,NA,432.41,NA,b1
3.2,2018-06-21,435.41,NA,1.0187,13.6516,NA,429.79,zone.3,1,NA,1.468566667,8.1416,3,4.468566667,432.41,NA,b1
3.2,2018-06-24,435.79,NA,1.027,14.3294,5.51,429.79,zone.3,2,NA,1.468566667,7.7594,2,3.8298666669999957,432.41,-0.6387000000000045,b1
3.2,2018-06-27,436.31,0.64,0.973,14.2393,6.57,429.79,zone.3,3,4.4057,1.468566667,8.4093,1,3.3228666669999773,432.41,-0.5070000000000183,b1
3.2,2018-06-30,439.69,NA,3.914,25.3786,5.83,429.79,zone.3,4,NA,0.388533333,9.1686,3,7.6685333329999725,432.41,4.345666665999995,p1
3.2,2018-07-03,439.69,NA,3.8986,25.784,16.21,429.79,zone.3,5,NA,0.388533333,7.854,2,3.7545333329999724,432.41,-3.914,p1
3.2,2018-07-06,444.42,7.62,3.8742,25.4938,17.93,429.79,zone.3,6,1.1656,0.388533333,15.1538,1,4.585933332999991,432.41,0.8314000000000186,p1
3.2,2018-07-09,441.49,NA,1.196,14.8413,10.34,429.79,zone.3,7,NA,0.7551,8.7813,3,9.835099999999985,432.41,5.249166666999994,a1.b2
3.2,2018-07-12,439.58,NA,0.9551,16.1899,6.06,429.79,zone.3,8,NA,0.7551,9.4099,2,6.729099999999959,432.41,-3.1060000000000256,a1.b2
3.2,2018-07-15,440.7,3.76,1.0188,13.4459,6.78,429.79,zone.3,9,2.2653,0.7551,0.4959,1,6.893999999999964,432.41,0.1649000000000047,a1.b2
3.2,2018-07-18,435.85,NA,1.0204,16.0333,12.95,429.79,zone.3,10,NA,0.8564,8.9133,3,4.2963999999999976,432.41,-2.597599999999966,a1.b2
3.2,2018-07-21,437.91,NA,3.96,26.78,7.12,429.79,zone.3,11,NA,0.8564,17.12,2,5.335999999999999,432.41,1.0396000000000019,p2
3.2,2018-07-24,441.08,3.43,3.86,26.32,9.66,429.79,zone.3,12,2.5692,0.8564,12.11,1,4.545999999999959,432.41,-0.79000000000004,p2
3.2,2018-07-27,442.47,NA,3.91,26.04,14.21,429.79,zone.3,13,NA,0.78,5.4,3,10.840000000000002,432.41,6.294000000000042,p2
3.2,2018-07-30,445.18,NA,1,13.36,20.64,429.79,zone.3,14,NA,0.78,6.86,2,9.639999999999981,432.41,-1.2000000000000206,a2
3.2,2018-08-02,444.82,7.21,1,13.8,6.5,429.79,zone.3,15,1.56,0.78,6.93,1,8.279999999999967,432.41,-1.3600000000000136,a2
3.2,2018-08-05,436.78,NA,1.01,14.45,6.87,429.79,zone.3,16,NA,NA,NA,0,NA,432.41,NA,a2
3.3,2018-06-21,432.21,0,3,NA,NA,433.61,zone.3,0,0,NA,NA,0,NA,429.21,NA,b1
3.3,2018-06-21,432.21,NA,1.0846,14.3311,NA,433.61,zone.3,1,NA,0.901866667,7.5711,3,3.901866667,429.21,NA,b1
3.3,2018-06-24,433.02,NA,1.021,13.7357,6.76,433.61,zone.3,2,NA,0.901866667,7.1457,2,3.6272666670000024,429.21,-0.27459999999999773,b1
3.3,2018-06-27,434.09,2.4,1.0205,14.1867,6.59,433.61,zone.3,3,2.7056,0.901866667,8.1867,1,3.6762666669999957,429.21,0.04899999999999327,b1
3.3,2018-06-30,432.41,NA,3.9386,25.6545,6,433.61,zone.3,4,NA,0.411633333,9.2845,3,3.6116333330000456,429.21,-0.06463333399995008,p1
3.3,2018-07-03,437.48,NA,3.8858,26.3207,16.37,433.61,zone.3,5,NA,0.411633333,9.1407,2,4.743033333000039,429.21,1.131399999999993,p1
3.3,2018-07-06,442.01,7.61,3.9355,25.2814,17.18,433.61,zone.3,6,1.2349,0.411633333,7.8714,1,5.387233333000012,429.21,0.644199999999973,p1
3.3,2018-07-09,435.84,NA,1.0131,13.5574,17.41,433.61,zone.3,7,NA,0.432933333,4.6574,3,7.062933332999996,429.21,1.675699999999984,a1.b2
3.3,2018-07-12,436.01,NA,0.9902,13.9154,8.9,433.61,zone.3,8,NA,0.432933333,6.9854,2,6.219833333000012,429.21,-0.8430999999999838,a1.b2
3.3,2018-07-15,437.53,4.64,1.0272,14.766,6.93,433.61,zone.3,9,1.2988,0.432933333,6.096,1,6.749633332999994,429.21,0.5297999999999821,a1.b2
3.3,2018-07-18,432.51,NA,1.0292,16.6838,8.67,433.61,zone.3,10,NA,0.8418,9.4638,3,4.1418000000000115,429.21,-2.6078333329999825,a1.b2
3.3,2018-07-21,432.72,NA,3.809,24.84,7.22,433.61,zone.3,11,NA,0.8418,11.48,2,3.322600000000048,429.21,-0.8191999999999635,p2
3.3,2018-07-24,435,3.34,3.93,26.31,13.36,433.61,zone.3,12,2.5254,0.8418,8.88,1,1.7936000000000205,429.21,-1.5290000000000274,p2
3.3,2018-07-27,435.23,NA,3.88,26.11,17.43,433.61,zone.3,13,NA,1.09,6.1,3,7.1100000000000385,429.21,5.3164000000000176,p2
3.3,2018-07-30,439.63,NA,1.02,14.45,20.01,433.61,zone.3,14,NA,1.09,7.61,2,7.630000000000016,429.21,0.5199999999999774,a2
3.3,2018-08-02,439.23,6.65,1,14.67,6.84,433.61,zone.3,15,2.18,1.09,7.77,1,6.210000000000039,429.21,-1.4199999999999768,a2
3.3,2018-08-05,433.29,NA,1,NA,6.9,433.61,zone.3,16,NA,NA,NA,0,NA,429.21,NA,a2
3.4,2018-06-21,428.46,0,3,NA,NA,429.6,zone.3,0,0,NA,NA,0,NA,425.46,NA,b1
3.4,2018-06-21,428.46,NA,1.0032,13.6888,NA,429.6,zone.3,1,NA,0.400433333,6.6588,3,3.400433333,425.46,NA,b1
3.4,2018-06-24,428.95,NA,1.0181,13.7758,7.03,429.6,zone.3,2,NA,0.400433333,7.0858,2,2.887233333000009,425.46,-0.513199999999991,b1
3.4,2018-06-27,429.84,3.82,1.023,15.5442,6.69,429.6,zone.3,3,1.2013,0.400433333,7.6642,1,2.7591333329999954,425.46,-0.12810000000001365,b1
3.4,2018-06-30,427.49,NA,3.9207,26.1392,7.88,429.6,zone.3,4,NA,0.091666667,5.7992,3,2.1216666670000297,425.46,-0.6374666659999657,p1
3.4,2018-07-03,431.22,NA,3.8913,26.2533,20.34,429.6,zone.3,5,NA,0.091666667,4.6733,2,1.9309666670000476,425.46,-0.1906999999999821,p1
3.4,2018-07-06,434.8,8.56,3.9303,15.2558,21.58,429.6,zone.3,6,0.275,0.091666667,-4.6442,1,1.6196666670000315,425.46,-0.3113000000000161,p1
3.4,2018-07-09,429.79,NA,1.0158,13.9694,19.9,429.6,zone.3,7,NA,0.271366667,5.7294,3,4.601366667000041,425.46,2.981700000000009,a1.b2
3.4,2018-07-12,430.8,NA,0.998,14.1672,8.24,429.6,zone.3,8,NA,0.271366667,5.4472,2,4.595566667000031,425.46,-0.005800000000009575,a1.b2
3.4,2018-07-15,429.66,5.13,1.0173,13.6828,8.72,429.6,zone.3,9,0.8141,0.271366667,5.0728,1,2.4575666670000453,425.46,-2.1379999999999857,a1.b2
3.4,2018-07-18,426.11,NA,0.986,15.3836,8.61,429.6,zone.3,10,NA,-0.342233333,10.3936,3,0.30776666700003413,425.46,-2.149800000000011,a1.b2
3.4,2018-07-23,430.8,NA,3.8,23.2,4.99,429.6,zone.3,11,NA,-0.342233333,3.24,2,4.011766667000032,425.46,3.7039999999999975,p2
3.4,2018-07-24,432.24,6.83,3.89,26.03,19.96,429.6,zone.3,12,-1.0267,-0.342233333,8.23,1,1.6517666670000297,425.46,-2.360000000000002,p2
3.4,2018-07-27,431.35,NA,3.91,26.99,17.8,429.6,zone.3,13,NA,1.305,6.86,3,7.195000000000043,425.46,5.543233333000013,p2
3.4,2018-07-30,434.62,NA,1,14.42,20.13,429.6,zone.3,14,NA,1.305,7.96,2,6.555000000000025,425.46,-0.6400000000000183,a2
3.4,2018-08-02,434.04,6.19,1,13.67,6.46,429.6,zone.3,15,2.61,1.305,5.67,1,4.9750000000000405,425.46,-1.579999999999984,a2
3.4,2018-08-05,429.34,NA,1.01,13.5,8,429.6,zone.3,16,NA,NA,NA,0,NA,425.46,NA,a2
3.5,2018-06-21,424.22,0,3,NA,NA,425.11,zone.3,0,0,NA,NA,0,NA,421.22,NA,b1
3.5,2018-06-21,424.22,NA,1.0583,13.6281,NA,425.11,zone.3,1,NA,0.348733333,7.4481,3,3.348733333,421.22,NA,b1
3.5,2018-06-24,425.19,NA,1.0079,14.825,6.18,425.11,zone.3,2,NA,0.348733333,7.345,2,3.2604333329999706,421.22,-0.08830000000002958,b1
3.5,2018-06-27,426.48,4.02,0.9815,13.6789,7.48,425.11,zone.3,3,1.0462,0.348733333,6.4289,1,3.542533332999991,421.22,0.2821000000000202,b1
3.5,2018-06-30,423.31,NA,3.8327,25.1742,7.25,425.11,zone.3,4,NA,-0.021533333,8.0442,3,2.068466666999975,421.22,-1.4740666660000157,p1
3.5,2018-07-03,428.56,NA,3.8712,25.2971,17.13,425.11,zone.3,5,NA,-0.021533333,3.3971,2,3.485766666999975,421.22,1.4173,p1
3.5,2018-07-06,430.53,8.75,3.8551,25.7949,21.9,425.11,zone.3,6,-0.0646,-0.021533333,7.3549,1,1.5845666669999454,421.22,-1.9012000000000298,p1
3.5,2018-07-09,426.54,NA,1.007,14.3256,18.44,425.11,zone.3,7,NA,0.203,5.4356,3,5.5229999999999935,421.22,3.938433333000048,a1.b2
3.5,2018-07-12,428.43,NA,0.9869,14.3042,8.89,425.11,zone.3,8,NA,0.203,5.3942,2,6.40599999999998,421.22,0.8829999999999867,a1.b2
3.5,2018-07-15,428.05,5.24,0.552,13.7528,8.91,425.11,zone.3,9,0.609,0.203,3.1928,1,5.039099999999984,421.22,-1.3668999999999958,a1.b2
3.5,2018-07-18,423.16,NA,1.019,14.215,10.56,425.11,zone.3,10,NA,-0.063,5.105,3,1.8769999999999978,421.22,-3.1620999999999864,a1.b2
3.5,2018-07-21,423.76,NA,3.94,25.62,9.11,425.11,zone.3,11,NA,-0.063,3.75,2,1.4579999999999638,421.22,-0.419000000000034,p2
3.5,2018-07-24,425.56,5.7,3.91,20.51,21.87,425.11,zone.3,12,-0.189,-0.063,3.13,1,-0.6820000000000248,421.22,-2.1399999999999886,p2
3.5,2018-07-27,427.45,NA,3.9,25.76,17.38,425.11,zone.3,13,NA,0.535,4.79,3,6.7649999999999615,421.22,7.446999999999987,p2
3.5,2018-07-30,430.14,NA,0.98,14.06,20.97,425.11,zone.3,14,NA,0.535,5.89,2,5.554999999999959,421.22,-1.2100000000000026,a2
3.5,2018-08-02,430.59,7.72,1,13.6,8.17,425.11,zone.3,15,1.07,0.535,2.05,1,5.024999999999947,421.22,-0.5300000000000118,a2
3.5,2018-08-05,422.58,NA,1.01,13.92,11.55,425.11,zone.3,16,NA,NA,NA,0,NA,421.22,NA,a2
3.6,2018-06-21,431.95,0,3,NA,NA,431.95,zone.3,0,0,NA,NA,0,NA,428.95,NA,b1
3.6,2018-06-21,431.95,NA,1.065,13.8814,NA,431.95,zone.3,1,NA,1.316433333,6.3614,3,4.316433333,428.95,NA,b1
3.6,2018-06-24,432.57,NA,1.0343,14.6559,7.52,431.95,zone.3,2,NA,1.316433333,5.6259,2,3.8714333330000046,428.95,-0.4449999999999954,b1
3.6,2018-06-27,433.58,1.15,0.9831,16.1756,9.03,431.95,zone.3,3,3.9493,1.316433333,7.3356,1,3.8471333329999955,428.95,-0.024300000000009092,b1
3.6,2018-06-30,432.84,NA,3.9383,26.1483,8.84,431.95,zone.3,4,NA,-0.442366667,6.2083,3,3.4476333329999864,428.95,-0.39950000000000907,p1
3.6,2018-07-03,436.2,NA,3.9215,25.5135,19.94,431.95,zone.3,5,NA,-0.442366667,6.5735,2,2.869333333,428.95,-0.5782999999999863,p1
3.6,2018-07-06,440.5,10.17,3.9064,26.6615,18.94,431.95,zone.3,6,-1.3271,-0.442366667,5.8515,1,3.2478333330000115,428.95,0.3785000000000114,p1
3.6,2018-07-10,432.32,NA,1.0248,14.1388,20.81,431.95,zone.3,7,NA,-0.246533333,4.2688,3,3.1234666670000046,428.95,-0.1243666660000069,a1.b2
3.6,2018-07-12,434.56,NA,1.0392,14.2821,9.87,431.95,zone.3,8,NA,-0.246533333,6.9821,2,4.338666667000013,428.95,1.2152000000000087,a1.b2
3.6,2018-07-15,433.34,6.71,1.0374,13.9513,7.3,431.95,zone.3,9,-0.7396,-0.246533333,6.5913,1,2.0794666669999864,428.95,-2.259200000000027,a1.b2
3.6,2018-07-18,430.08,NA,0.9963,13.2502,7.36,431.95,zone.3,10,NA,0.451233333,6.4402,3,1.5812333329999955,428.95,-0.4982333339999909,a1.b2
3.6,2018-07-21,430.27,NA,3.88,25.38,6.81,431.95,zone.3,11,NA,0.451233333,6.51,2,0.7749333329999932,428.95,-0.8063000000000022,p2
3.6,2018-07-24,432.69,4.56,3.9,26.58,18.87,431.95,zone.3,12,1.3537,0.451233333,10.19,1,-0.6850666669999907,428.95,-1.459999999999984,p2
3.6,2018-07-27,433.88,NA,3.92,26.01,16.39,431.95,zone.3,13,NA,0.55,6.8,3,5.480000000000007,428.95,6.165066666999998,p2
3.6,2018-07-30,438.37,NA,1,14.5,19.21,431.95,zone.3,14,NA,0.55,6.86,2,6.050000000000016,428.95,0.5700000000000092,a2
3.6,2018-08-02,437.56,7.72,1,13.6,7.64,431.95,zone.3,15,1.1,0.55,4.89,1,4.2400000000000135,428.95,-1.8100000000000023,a2
3.6,2018-08-05,439.24,NA,0.98,13.75,8.71,431.95,zone.3,16,NA,NA,NA,0,NA,428.95,NA,a2
3.7,2018-06-21,431.77,0,3,NA,NA,433.48,zone.3,0,0,NA,NA,0,NA,428.77,NA,b1
3.7,2018-06-21,431.77,NA,1.0164,13.9895,NA,433.48,zone.3,1,NA,1.326233333,6.6895,3,4.326233333,428.77,NA,b1
3.7,2018-06-24,431.91,NA,1.0423,14.6709,7.3,433.48,zone.3,2,NA,1.326233333,4.0409,2,3.4498333330000435,428.77,-0.8763999999999568,b1
3.7,2018-06-27,429.84,1.08,1.0109,14.5563,10.63,433.48,zone.3,3,3.9787,1.326233333,4.7763,1,0.3375333329999932,428.77,-3.11230000000005,b1
3.7,2018-06-30,431.84,NA,3.1754,26.4026,9.78,433.48,zone.3,4,NA,-0.466733333,4.7426,3,2.603266666999993,428.77,2.265733334,p1
3.7,2018-07-03,435.33,NA,3.8835,25.1701,21.66,433.48,zone.3,5,NA,-0.466733333,6.5301,2,2.9178666670000024,428.77,0.3146000000000093,p1
3.7,2018-07-06,441.5,9.47,3.9275,25.4302,18.64,433.48,zone.3,6,-1.4002,-0.466733333,8.2202,1,5.204366667000019,428.77,2.2865000000000166,p1
3.7,2018-07-09,435.04,NA,1.032,14.4971,17.21,433.48,zone.3,7,NA,0.47,4.4571,3,6.740000000000038,428.77,1.5356333330000194,a1.b2
3.7,2018-07-12,435.58,NA,1.0405,13.7288,10.04,433.48,zone.3,8,NA,0.47,6.3588,2,6.248000000000002,428.77,-0.4920000000000364,a1.b2
3.7,2018-07-15,437.7,4.59,0.9933,14.5154,7.37,433.48,zone.3,9,1.41,0.47,6.4354,1,7.327500000000007,428.77,1.0795000000000048,a1.b2
3.7,2018-07-18,432,NA,1.0016,14.087,8.08,433.48,zone.3,10,NA,0.616633333,8.117,3,3.8466333330000184,428.77,-3.4808666669999884,a1.b2
3.7,2018-07-21,431.9,NA,3.915,25.75,5.97,433.48,zone.3,11,NA,0.616633333,6.99,2,2.745033332999996,428.77,-1.1016000000000226,p2
3.7,2018-07-24,435.59,4.06,3.89,26.87,18.76,433.48,zone.3,12,1.8499,0.616633333,7.62,1,2.520033332999993,428.77,-0.22500000000000275,p2
3.7,2018-07-27,436.04,NA,1.9,25.33,19.25,433.48,zone.3,13,NA,-0.025,8.41,3,7.245000000000038,428.77,4.724966667000045,p2
3.7,2018-07-30,440.95,NA,1.01,13.81,16.92,433.48,zone.3,14,NA,-0.025,7.06,2,10.255000000000006,428.77,3.009999999999968,a2
3.7,2018-08-02,439.96,6.85,1,13.89,6.75,433.48,zone.3,15,-0.05,-0.025,5.67,1,8.254999999999997,428.77,-2.000000000000009,a2
3.7,2018-08-05,433.99,NA,1,13.92,8.22,433.48,zone.3,16,NA,NA,NA,0,NA,428.77,NA,a2
4.1,2018-06-21,436.57,0,3,NA,NA,434.88,zone.4,0,0,NA,NA,0,NA,433.57,NA,b1
4.1,2018-06-21,436.57,NA,0.746,11.3621,NA,434.88,zone.4,1,NA,0.713366667,5.0821,3,3.713366667,433.57,NA,b1
4.1,2018-06-24,436.63,NA,0.7541,11.8678,6.28,434.88,zone.4,2,NA,0.713366667,5.6578,2,3.027366667000002,433.57,-0.6859999999999977,b1
4.1,2018-06-27,435.44,2.36,0.7019,11.7628,6.21,434.88,zone.4,3,2.1401,0.713366667,5.0828,1,1.0832666670000046,433.57,-1.9440999999999975,b1
4.1,2018-06-30,432.77,NA,1.571,20.4395,6.68,434.88,zone.4,4,NA,0.115366667,9.5695,3,-0.6846333330000114,433.57,-1.767900000000016,p1
4.1,2018-07-03,435.73,NA,1.6032,20.4365,10.87,434.88,zone.4,5,NA,0.115366667,9.4465,2,0.704366667000025,433.57,1.3890000000000364,p1
4.1,2018-07-06,438.93,3.53,1.6127,19.1888,10.99,434.88,zone.4,6,0.3461,0.115366667,3.8388,1,2.3011666670000137,433.57,1.5967999999999887,p1
4.1,2018-07-09,433.51,NA,0.7154,11.7877,15.35,434.88,zone.4,7,NA,0.3945,4.3377,3,0.33449999999999774,433.57,-1.966666667000016,a1.b2
4.1,2018-07-12,434.79,NA,0.7154,11.1429,7.45,434.88,zone.4,8,NA,0.3945,3.5929,2,0.8991000000000273,433.57,0.5646000000000295,a1.b2
4.1,2018-07-15,433.01,1.86,0.7882,12.3611,7.55,434.88,zone.4,9,1.1835,0.3945,5.3511,1,-1.5963000000000023,433.57,-2.4954000000000294,a1.b2
4.1,2018-07-18,432.03,NA,0.7587,12.3276,7.01,434.88,zone.4,10,NA,0.198966667,5.2976,3,-1.3410333330000204,433.57,0.2552666669999819,a1.b2
4.1,2018-07-21,432.25,NA,1.62,19.55,7.03,434.88,zone.4,11,NA,0.198966667,3.26,2,-1.8797333329999932,433.57,-0.5386999999999729,p2
4.1,2018-07-24,431.82,2.57,1.6,20.44,16.29,434.88,zone.4,12,0.5969,0.198966667,10.04,1,-3.929733333,433.57,-2.050000000000007,p2
4.1,2018-07-27,431.58,NA,1.63,18.64,10.4,434.88,zone.4,13,NA,0.3,2.73,3,-1.690000000000009,433.57,2.2397333329999913,p2
4.1,2018-07-30,434.81,NA,0.78,12.37,15.91,434.88,zone.4,14,NA,0.3,5.39,2,-0.08999999999999081,433.57,1.6000000000000183,a2
4.1,2018-08-02,435.56,3.41,0.75,11.75,6.98,434.88,zone.4,15,0.6,0.3,9.94,1,-0.11999999999999084,433.57,-0.030000000000000027,a2
4.1,2018-08-05,434.02,NA,0.75,11.82,1.81,434.88,zone.4,16,NA,NA,NA,0,NA,433.57,NA,a2
4.2,2018-06-21,437.02,0,3,NA,NA,435.18,zone.4,0,0,NA,NA,0,NA,434.02,NA,b1
4.2,2018-06-21,437.02,NA,0.7351,11.1516,NA,435.18,zone.4,1,NA,-0.269333333,3.9016,3,2.730666667,434.02,NA,b1
4.2,2018-06-24,437.06,NA,0.7269,10.8268,7.25,435.18,zone.4,2,NA,-0.269333333,3.7268,2,2.0355666670000203,434.02,-0.6950999999999796,b1
4.2,2018-06-27,437.91,5.27,0.724,11.7029,7.1,435.18,zone.4,3,-0.808,-0.269333333,2.5129,1,2.158666667000043,434.02,0.12310000000002264,b1
4.2,2018-06-30,433.52,NA,1.6281,19.9211,9.19,435.18,zone.4,4,NA,0.0911,10.7611,3,-0.4089,434.02,-2.567566667000043,p1
4.2,2018-07-03,433.16,NA,1.6212,19.9117,9.16,435.18,zone.4,5,NA,0.0911,7.3917,2,-2.3969999999999567,434.02,-1.9880999999999567,p1
4.2,2018-07-06,437.38,3.7,1.6282,20.0568,12.52,435.18,zone.4,6,0.2733,0.0911,8.7968,1,0.20180000000001358,434.02,2.5987999999999705,p1
4.2,2018-07-09,435.63,NA,0.7635,11.4405,11.26,435.18,zone.4,7,NA,0.269,4.7005,3,1.8790000000000138,434.02,1.6772000000000002,a1.b2
4.2,2018-07-12,435.63,NA,0.7353,11.5683,6.74,435.18,zone.4,8,NA,0.269,5.0183,2,1.1155000000000137,434.02,-0.7635000000000001,a1.b2
4.2,2018-07-15,436.01,2.32,0.7648,11.860900000000001,6.55,435.18,zone.4,9,0.807,0.269,4.0709,1,0.7602000000000091,434.02,-0.3553000000000046,a1.b2
4.2,2018-07-18,434.01,NA,0.747,10.9585,7.79,435.18,zone.4,10,NA,0.1906,4.4585,3,0.1806000000000091,434.02,-0.5796,a1.b2
4.2,2018-07-21,434.55,NA,1.6,19.4,6.5,435.18,zone.4,11,NA,0.1906,11.86,2,-0.026399999999970447,434.02,-0.20699999999997953,p2
4.2,2018-07-24,436.55,2.54,1.6,20.74,7.54,435.18,zone.4,12,0.5718,0.1906,12.01,1,0.37360000000002946,434.02,0.3999999999999999,p2
4.2,2018-07-27,435.86,NA,1.61,19.89,8.73,435.18,zone.4,13,NA,0.6,6.4,3,2.440000000000032,434.02,2.0664000000000025,p2
4.2,2018-07-30,436.51,NA,0.73,12.67,13.49,435.18,zone.4,14,NA,0.6,6.4,2,1.4800000000000089,434.02,-0.9600000000000231,a2
4.2,2018-08-02,437.07,2.74,0.75,11.62,6.27,435.18,zone.4,15,1.2,0.6,10.53,1,1.3100000000000112,434.02,-0.1699999999999977,a2
4.2,2018-08-05,435.96,NA,0.76,12.31,1.09,435.18,zone.4,16,NA,NA,NA,0,NA,434.02,NA,a2
4.3,2018-06-21,427.66,0,3,NA,NA,430.5119048,zone.4,0,0,NA,NA,0,NA,424.66,NA,b1
4.3,2018-06-21,427.66,NA,0.7547,10.6192,NA,430.5119048,zone.4,1,NA,0.805533333,4.8392,3,3.805533333,424.66,NA,b1
4.3,2018-06-24,427.62,NA,0.7719,10.9217,5.78,430.5119048,zone.4,2,NA,0.805533333,5.2517,2,3.0108333329999795,424.66,-0.7947000000000206,b1
4.3,2018-06-27,428.26,2.11,0.717,12.0148,5.67,430.5119048,zone.4,3,2.4166,0.805533333,5.0048,1,2.878933332999966,424.66,-0.13190000000001367,b1
4.3,2018-06-30,426.88,NA,1.6025,20.7385,7.01,430.5119048,zone.4,4,NA,0.5589,7.6685,3,2.7788999999999704,424.66,-0.1000333329999954,p1
4.3,2018-07-03,428.34,NA,1.5972,20.119,13.07,430.5119048,zone.4,5,NA,0.5589,10.229,2,2.63639999999995,424.66,-0.1425000000000205,p1
4.3,2018-07-06,430.92,2.24,1.6241,19.7397,9.89,430.5119048,zone.4,6,1.6767,0.5589,10.3697,1,3.619199999999991,424.66,0.982800000000041,p1
4.3,2018-07-09,429.34,NA,0.7418,11.8665,9.37,430.5119048,zone.4,7,NA,0.574066667,5.5765,3,5.25406666699995,424.66,1.6348666669999594,a1.b2
4.3,2018-07-12,428.3,NA,0.7163,11.8079,6.29,430.5119048,zone.4,8,NA,0.574066667,5.3479,2,3.472266666999986,424.66,-1.781799999999964,a1.b2
4.3,2018-07-15,427.34,1.36,0.7615,12.056,6.46,430.5119048,zone.4,9,1.7222,0.574066667,6.076,1,1.79596666699995,424.66,-1.6763000000000363,a1.b2
4.3,2018-07-18,427.11,NA,0.7472,12.3137,5.98,430.5119048,zone.4,10,NA,0.266233333,6.2437,3,2.716233332999989,424.66,0.9202666660000389,a1.b2
4.3,2018-07-21,426.98,NA,1.6,13.4,6.07,430.5119048,zone.4,11,NA,0.266233333,4.68,2,1.8390333329999933,424.66,-0.8771999999999955,p2
4.3,2018-07-24,428.32,2.31,1.59,20.21,8.72,430.5119048,zone.4,12,0.7987,0.266233333,12.84,1,1.5790333329999682,424.66,-0.2600000000000251,p2
4.3,2018-07-27,430.57,NA,1.62,19.98,7.37,430.5119048,zone.4,13,NA,1.21,10.3,3,7.119999999999968,424.66,5.540966667,p2
4.3,2018-07-30,432.11,NA,0.78,11.52,9.68,430.5119048,zone.4,14,NA,1.21,4.91,2,7.0399999999999885,424.66,-0.07999999999997964,a2
4.3,2018-08-02,429.31,1.57,0.75,14.59,6.61,430.5119048,zone.4,15,2.42,1.21,7.16,1,3.459999999999977,424.66,-3.5800000000000116,a2
4.3,2018-08-05,429,NA,0.73,11.4,7.43,430.5119048,zone.4,16,NA,NA,NA,0,NA,424.66,NA,a2
4.4,2018-06-21,424.52,0,3,NA,NA,424.57,zone.4,0,0,NA,NA,0,NA,421.52,NA,b1
4.4,2018-06-21,424.52,NA,0.7611,11.7237,NA,424.57,zone.4,1,NA,0.893933333,5.0437,3,3.893933333,421.52,NA,b1
4.4,2018-06-24,423.76,NA,0.7407,10.4405,6.68,424.57,zone.4,2,NA,0.893933333,4.7005,2,2.3728333330000093,421.52,-1.5210999999999908,b1
4.4,2018-06-27,423.46,1.82,0.7165,11.7062,5.74,424.57,zone.4,3,2.6818,0.893933333,5.6762,1,1.3321333329999978,421.52,-1.0407000000000115,b1
4.4,2018-06-30,422.56,NA,1.5811,19.796,6.03,424.57,zone.4,4,NA,0.386233333,8.636,3,1.4262333330000205,421.52,0.09410000000002272,p1
4.4,2018-07-03,425.49,NA,1.5811,29.1526,11.16,424.57,zone.4,5,NA,0.386233333,18.5726,2,2.775133333000027,421.52,1.3489000000000064,p1
4.4,2018-07-06,428.56,2.72,1.5684,18.5588,10.58,424.57,zone.4,6,1.1587,0.386233333,8.3988,1,4.26403333300002,421.52,1.488899999999993,p1
4.4,2018-07-09,424.13,NA,0.7535,11.8163,10.16,424.57,zone.4,7,NA,0.444833333,1.0263,3,3.0548333330000137,421.52,-1.2092000000000063,a1.b2
4.4,2018-07-12,424.38,NA,0.7226,11.4626,10.79,424.57,zone.4,8,NA,0.444833333,4.0126,2,2.551333333000014,421.52,-0.5034999999999998,a1.b2
4.4,2018-07-15,425.25,1.71,0.7784,11.7803,7.45,424.57,zone.4,9,1.3345,0.444833333,4.3203,1,2.6987333330000185,421.52,0.14740000000000464,a1.b2
4.4,2018-07-18,422.48,NA,0.747,11.4123,7.46,424.57,zone.4,10,NA,0.405133333,3.5023,3,1.3651333330000364,421.52,-1.3335999999999821,a1.b2
4.4,2018-07-21,422.729,NA,1.61,19.08,7.91,424.57,zone.4,11,NA,0.405133333,6.23,2,0.8671333330000032,421.52,-0.4980000000000332,p2
4.4,2018-07-24,424.02,1.92,1.63,20.69,12.85,424.57,zone.4,12,1.2154,0.405133333,10.15,1,0.5481333329999999,421.52,-0.3190000000000033,p2
4.4,2018-07-27,424.4,NA,1.58,20.72,10.54,424.57,zone.4,13,NA,1.42,5.77,3,4.299999999999995,421.52,3.7518666669999954,p2
4.4,2018-07-30,425.41,NA,0.75,12.05,14.95,424.57,zone.4,14,NA,1.42,5.11,2,3.730000000000043,421.52,-0.5699999999999523,a2
4.4,2018-08-02,424.82,1.12,0.76,11.07,6.94,424.57,zone.4,15,2.84,1.42,5.25,1,2.3900000000000112,421.52,-1.3400000000000318,a2
4.4,2018-08-05,423.26,NA,0.74,12.44,5.82,424.57,zone.4,16,NA,NA,NA,0,NA,421.52,NA,a2
4.5,2018-06-21,427.53,0,3,NA,NA,430.5119048,zone.4,0,0,NA,NA,0,NA,424.53,NA,b1
4.5,2018-06-21,427.53,NA,0.7518,10.5238,NA,430.5119048,zone.4,1,NA,0.3347,4.6338,3,3.3346999999999998,424.53,NA,b1
4.5,2018-06-24,427.56,NA,0.7823,12.0419,5.89,430.5119048,zone.4,2,NA,0.3347,5.5419,2,2.612900000000029,424.53,-0.7217999999999707,b1
4.5,2018-06-27,428.41,3.53,0.7505,11.3414,6.5,430.5119048,zone.4,3,1.0041,0.3347,5.7514,1,2.6806000000000516,424.53,0.06770000000002252,b1
4.5,2018-06-30,425.04,NA,1.6281,20.409,5.59,430.5119048,zone.4,4,NA,0.105133333,11.289,3,0.6151333330000477,424.53,-2.065466667000004,p1
4.5,2018-07-03,427.76,NA,1.6168,18.9227,9.12,430.5119048,zone.4,5,NA,0.105133333,7.4327,2,1.707033333000018,424.53,1.0918999999999703,p1
4.5,2018-07-06,430.69,3.68,1.6146,19.9098,11.49,430.5119048,zone.4,6,0.3154,0.105133333,4.5298,1,3.0202333330000255,424.53,1.3132000000000075,p1
4.5,2018-07-09,426.46,NA,0.7385,11.8189,15.38,430.5119048,zone.4,7,NA,0.293566667,5.3389,3,2.2235666670000067,424.53,-0.7966666660000188,a1.b2
4.5,2018-07-12,426.77,NA,0.7776,11.6688,6.48,430.5119048,zone.4,8,NA,0.293566667,5.0188,2,1.7950666670000088,424.53,-0.4284999999999979,a1.b2
4.5,2018-07-15,428.6,2.25,0.7809,11.8693,6.65,430.5119048,zone.4,9,0.8807,0.293566667,4.7793,1,2.8474666670000497,424.53,1.0524000000000409,a1.b2
4.5,2018-07-18,425.42,NA,0.7243,11.4123,7.09,430.5119048,zone.4,10,NA,0.2184,4.8823,3,1.1084000000000431,424.53,-1.7390666670000066,a1.b2
4.5,2018-07-21,425.94,NA,1.62,19.49,6.53,430.5119048,zone.4,11,NA,0.2184,6.83,2,0.904100000000025,424.53,-0.20430000000001813,p2
4.5,2018-07-24,427.26,2.47,1.58,20.58,12.66,430.5119048,zone.4,12,0.6552,0.2184,11.4,1,0.6041000000000181,424.53,-0.30000000000000693,p2
4.5,2018-07-27,428.96,NA,1.6,20.45,9.18,430.5119048,zone.4,13,NA,0.735,7.23,3,5.165000000000007,424.53,4.5608999999999895,p2
4.5,2018-07-30,425.84,NA,0.75,12.23,13.22,430.5119048,zone.4,14,NA,0.735,5.28,2,0.44500000000000217,424.53,-4.720000000000005,a2
4.5,2018-08-02,428.45,2.46,0.75,11.21,6.95,430.5119048,zone.4,15,1.47,0.735,4.3,1,2.3050000000000157,424.53,1.8600000000000136,a2
4.5,2018-08-05,426.44,NA,0.76,11.8,6.91,430.5119048,zone.4,16,NA,NA,NA,0,NA,424.53,NA,a2
4.6,2018-06-21,435.24,0,3,NA,NA,436.26,zone.4,0,0,NA,NA,0,NA,432.24,NA,b1
4.6,2018-06-21,435.24,NA,0.7634,11.6295,NA,436.26,zone.4,1,NA,0.893666667,4.9395,3,3.8936666669999997,432.24,NA,b1
4.6,2018-06-24,435.9,NA,0.7276,11.2936,6.69,436.26,zone.4,2,NA,0.893666667,4.9736,2,3.790266666999968,432.24,-0.10340000000003169,b1
4.6,2018-06-27,435.7,1.81,0.7727,11.607,6.32,436.26,zone.4,3,2.681,0.893666667,4.347,1,2.8626666669999796,432.24,-0.9275999999999884,b1
4.6,2018-06-30,434.74,NA,1.6022,23.7422,7.26,436.26,zone.4,4,NA,0.5347,10.6122,3,3.0347,432.24,0.17203333300002033,p1
4.6,2018-07-03,436.15,NA,1.5692,20.0415,13.13,436.26,zone.4,5,NA,0.5347,10.9315,2,2.8424999999999683,432.24,-0.19220000000003168,p1
4.6,2018-07-06,439.07,2.34,1.6023,15.7435,9.11,436.26,zone.4,6,1.6041,0.5347,4.0635,1,4.193299999999984,432.24,1.3508000000000155,p1
4.6,2018-07-09,436.28,NA,0.7341,11.4928,11.68,436.26,zone.4,7,NA,0.153233333,4.7528,3,4.193233332999964,432.24,-6.666700002000425e-5,a1.b2
4.6,2018-07-12,436.02,NA,0.7733,11.6905,6.74,436.26,zone.4,8,NA,0.153233333,4.9105,2,3.199133332999973,432.24,-0.9940999999999907,a1.b2
4.6,2018-07-15,435.15,2.65,0.7882,11.735900000000001,6.78,436.26,zone.4,9,0.4597,0.153233333,4.7959,1,1.5558333329999683,432.24,-1.6433000000000049,a1.b2
4.6,2018-07-18,433.46,NA,0.727,11.991,6.94,436.26,zone.4,10,NA,0.111733333,5.141,3,1.3317333329999705,432.24,-0.22409999999999775,a1.b2
4.6,2018-07-21,433.55,NA,1.64,18.82,6.85,436.26,zone.4,11,NA,0.111733333,1.56,2,0.6947333330000023,432.24,-0.6369999999999683,p2
4.6,2018-07-24,432.27,2.82,1.6,20.05,17.26,436.26,zone.4,12,0.3352,0.111733333,2.27,1,-2.225266667000027,432.24,-2.9200000000000292,p2
4.6,2018-07-27,434.02,NA,1.62,20.27,17.78,436.26,zone.4,13,NA,0.175,2.87,3,1.9549999999999728,432.24,4.180266667,p2
4.6,2018-07-30,434.87,NA,0.75,11.42,17.4,436.26,zone.4,14,NA,0.175,3.98,2,1.1849999999999954,432.24,-0.7699999999999774,a2
4.6,2018-08-02,433.64,3.62,0.75,11.34,7.44,436.26,zone.4,15,0.35,0.175,3.49,1,-0.7950000000000228,432.24,-1.9800000000000182,a2
4.6,2018-08-05,434,NA,0.72,12.23,7.85,436.26,zone.4,16,NA,NA,NA,0,NA,432.24,NA,a2
4.7,2018-06-21,426.11,0,3,NA,NA,430.5119048,zone.4,0,0,NA,NA,0,NA,423.11,NA,b1
4.7,2018-06-21,426.11,NA,0.7428,10.7716,NA,430.5119048,zone.4,1,NA,0.9594,5.5616,3,3.9594,423.11,NA,b1
4.7,2018-06-24,426.7,NA,0.7154,11.3275,5.21,430.5119048,zone.4,2,NA,0.9594,4.3675,2,3.806599999999975,423.11,-0.15280000000002492,b1
4.7,2018-06-27,426.95,1.58,0.7784,11.5016,6.96,430.5119048,zone.4,3,2.8782,0.9594,4.9516,1,3.3411999999999753,423.11,-0.4653999999999998,b1
4.7,2018-06-30,425.84,NA,1.6055,19.9695,6.55,430.5119048,zone.4,4,NA,-0.124533333,9.3495,3,2.6054666669999613,423.11,-0.735733333000014,p1
4.7,2018-07-03,428.8,NA,1.6025,21.2543,10.62,430.5119048,zone.4,5,NA,-0.124533333,7.4943,2,3.9599666669999976,423.11,1.3545000000000362,p1
4.7,2018-07-06,431.18,4.36,1.6185,19.2331,13.76,430.5119048,zone.4,6,-0.3736,-0.124533333,5.9731,1,4.737466666999993,423.11,0.7774999999999959,p1
4.7,2018-07-09,426.36,NA,0.7841,11.7288,13.26,430.5119048,zone.4,7,NA,0.279066667,4.3288,3,3.529066667,423.11,-1.2083999999999935,a1.b2
4.7,2018-07-12,426.88,NA,0.7746,11.6501,7.4,430.5119048,zone.4,8,NA,0.279066667,5.1001,2,3.2649666669999817,423.11,-0.2641000000000182,a1.b2
4.7,2018-07-15,428.17,2.34,0.769,11.1783,6.55,430.5119048,zone.4,9,0.8372,0.279066667,5.0183,1,3.7803666670000027,423.11,0.515400000000021,a1.b2
4.7,2018-07-18,424.37,NA,0.7159,11.0099,6.16,430.5119048,zone.4,10,NA,0.301633333,3.8999,3,1.561633332999991,423.11,-2.218733334000012,a1.b2
4.7,2018-07-21,424.7,NA,1.61,19.6,7.11,430.5119048,zone.4,11,NA,0.301633333,7.05,2,1.175733332999975,423.11,-0.3859000000000159,p2
4.7,2018-07-24,423.33,2.19,1.61,20.95,12.55,430.5119048,zone.4,12,0.9049,0.301633333,8.69,1,-1.8042666670000294,423.11,-2.9800000000000044,p2
4.7,2018-07-27,426.16,NA,1.6,19.84,12.26,430.5119048,zone.4,13,NA,0.445,3.57,3,3.495000000000011,423.11,5.29926666700004,p2
4.7,2018-07-30,427.89,NA,0.76,11.68,16.27,430.5119048,zone.4,14,NA,0.445,4.29,2,3.6249999999999725,423.11,0.12999999999996126,a2
4.7,2018-08-02,427.35,3.08,0.73,11.68,7.39,430.5119048,zone.4,15,0.89,0.445,2.19,1,2.325000000000009,423.11,-1.2999999999999634,a2
4.7,2018-08-05,425.65,NA,0.78,11.67,9.49,430.5119048,zone.4,16,NA,NA,NA,0,NA,423.11,NA,a2
