Microcolony Code,Date,Time,Initials,Temp,Humidity,Activity Code,MC Mass,n Total Drones,n New Drones,n Worker Deaths,Brood Code,work repl,drone rm,P Mass Remain,N Mass Remain,P Mass Provid,N Mass Provid
1.4,6/21/18,11:11 AM,AF,25.9,60,C,426.21,0,0,0,EH,,,N/A,N/A,1.0033,14.3036
1.4,6/25/18,10:55 AM,AF,25.5,36,C,423.85,0,0,1,EH,1,,N/A,9.89,0.9925,14.6372
1.4,6/28/18,12:38 PM,AF,25.7,58,C,424.48,0,0,0,EH,,,4.48,10.82,1.0103,14.6899
1.4,7/1/18,2:11 PM,AF,25.3,56,CF,421.79,0,0,0,EHP,,,N/A,8.53,0.9881,12.4949
1.4,7/4/18,4:22 PM,AF,23.8,57,CF,422.36,0,0,0,EHP,,,N/A,9.69,1.0001,16.0847
1.4,7/7/18,4:03 PM,AF,25.3,51,CF,423.19,2,2,0,EHP,,,2.99,8.78,1.032,16.1522
1.4,7/10/18,12:34 PM,AF,25.4,55,C,421.23,2,0,0,EHP,,0,N/A,9.68,1.0034,15.0846
1.4,7/13/18,11:34 AM,AF,25.9,59,AL,421.72,2,0,0,EHP,,2,N/A,10.41,1.0161,13.7549
1.4,7/16/18,11:51 AM,AF,25.4,60,C,422.28,0,0,0,EHP,,,3.5,11.36,1.0285,15.206
1.4,7/19/18,10:59 AM,AF,25.5,56,C,420.62,0,0,0,EHP,,,N/A,12.14,1.0164,14.5553
1.4,7/23/18,1:01 PM,AF,25.9,57,C,421.73,0,0,0,EHP,,,N/A,8.86,1.02,13.93
1.4,7/26/18,10:32 AM,AF,25.3,54,C,422.9,0,0,0,EHP,,,2.59,8.65,1,14.03
1.4,7/29/18,12:03 PM,AF,25.4,58,C,421.03,0,0,0,EHP,,,N/A,7.21,1.03,13.38
1.4,8/2/18,9:24 AM,AF,25.5,55,C,422.15,0,0,1,EHP,1,,N/A,8.7,1,14.41
1.4,8/6/18,10:57 AM,AF,25.4,60,CF,422.41,0,0,0,EP,,,2.14,6.88,1,13.57
1.4,8/9/18,8:30 AM,AF,25.5,61,C,421.35,0,0,1,EP,1,,N/A,9.18,1.02,13.72
3.4,6/21/18,11:27 AM,AF,26.4,61,AC,428.46,0,0,0,EH,,,N/A,N/A,1.0032,13.6888
3.4,6/24/18,11:06 AM,AF,25.9,60,A,428.95,0,0,0,EHP,,,N/A,7.03,1.0181,13.7758
3.4,6/27/18,1:08 PM,AF,26.7,60,ACF,429.84,0,0,0,HP,,,3.82,6.69,1.023,15.5442
3.4,6/30/18,2:17 PM,AF,25.6,58,CF,427.49,0,0,4,EHP,1,,N/A,7.88,3.9207,26.1392
3.4,7/3/18,4:19 PM,AF,26,59,ACF,431.22,1,1,1,EHP,1,,N/A,20.34,3.8913,26.2533
3.4,7/6/18,4:13 PM,AF,25.6,55,C,434.8,1,0,0,EHP,,,8.56,21.58,3.9303,15.2558
3.4,7/9/18,1:02 PM,AF,25.7,60,CF,429.79,1,1,1,EH,1,,N/A,19.9,1.0158,13.9694
3.4,7/12/18,11:51 AM,AF,26.1,61,AC,430.8,2,1,0,EH,,2,N/A,8.24,0.998,14.1672
3.4,7/15/18,11:57 AM,AF,25.5,62,C,429.66,0,0,0,EH,,,5.13,8.72,1.0173,13.6828
3.4,7/18/18,11:02 AM,AF,25.9,59,C,426.11,0,0,1,EHP,1,,N/A,8.61,0.986,15.3836
3.4,7/23/18,1:06 PM,AK,25.8,60,C,430.8,0,0,1,EHP,1,,N/A,4.99,3.8,23.2
3.4,7/24/18,10:39 AM,AF,25.2,37,C,432.24,0,0,0,EHP,,,6.83,19.96,3.89,26.03
3.4,7/27/18,12:07 AM,AF,25.5,59,C,431.35,0,0,1,EHP,1,,N/A,17.8,3.91,26.99
3.4,7/30/18,9:31 AM,AF,25.5,61,C,434.62,0,0,0,EHP,,,N/A,20.13,1,14.42
3.4,8/2/18,11:00 AM,AF,23.6,62,C,434.04,0,0,0,EP,,,6.19,6.46,1,13.67
3.4,8/5/18,8:35 AM,AF,25.7,62,C,429.34,0,0,0,EP,,,N/A,8,1.01,13.5
2.7,6/21/18,11:35 AM,AF,25.4,61,A,422.94,0,0,0,H,,,N/A,N/A,2.0398,17.0771
2.7,6/24/18,11:08 AM,AF,26.1,61,AC,424.39,0,0,0,EH,,,N/A,11.83,2.0002,16.6356
2.7,6/27/18,1:17 PM,AF,26.7,59,AC,426.06,0,0,0,EHP,,,5.89,11.11,2.042,17.5409
2.7,6/30/18,2:32 PM,AF,26.3,64,C,422.25,0,0,1,EHP,1,,N/A,11.33,2.003,17.1465
2.7,7/3/18,4:35 PM,AF,26.1,61,AC,426.47,0,0,0,EHP,,,N/A,10.66,1.9922,17.757
2.7,7/6/18,4:19 PM,AF,25.8,54,C,425.98,1,1,0,EHP,,,5.92,12.07,2.0106,17.3823
2.7,7/9/18,12:51 PM,AF,26,60,C,421.61,1,0,1,EHP,1,,N/A,14.55,2.03,17.4953
2.7,7/12/18,11:57 AM,AF,26.3,62,AC,426.16,2,1,1,EH,1,2,N/A,12.51,2.0206,17.3615
2.7,7/15/18,12:02 PM,AF,25.7,64,C,425.08,1,1,1,EHP,1,1,5.01,12.43,2.0288,17.9905
2.7,7/18/18,11:12 AM,AF,26,62,C,421.69,0,0,2,EHP,2,,N/A,16.7,2.0092,17.00369
2.7,7/21/18,1:18 PM,AF,26,63,C,421.8,0,0,1,EHP,1,,N/A,8.67,1.98,18.55
2.7,7/24/18,10:43 AM,AF,25.4,59,C,426.78,0,0,0,EHP,,,6.03,12.98,2.03,18.57
2.7,7/27/18,12:15 PM,AF,25.3,61,C,426.83,0,0,0,EHP,,,N/A,8.27,1.98,17.4
2.7,7/30/18,9:34 AM,AF,25.5,61,C,426.27,2,2,0,EHP,,2,N/A,9.5,2,17.46
2.7,8/2/18,11:04 AM,AF,25.7,63,AC,427.06,3,3,0,EHP,,3,4.32,7.14,2,17.27
2.7,8/5/18,8:37 AM,AF,25.7,63,C,425.81,0,0,0,EHP,,,N/A,9.68,2.02,17.57
1.3,6/21/18,11:41 AM,AF,26.4,60,AC,434.17,0,0,0,EH,,,N/A,N/A,1.0948,14.4343
1.3,6/24/18,11:16 AM,AF,26.5,63,A,436.79,0,0,0,EH,,,N/A,10.01,0.9656,14.4056
1.3,6/27/18,1:26 PM,AF,26.7,59,AC,434.77,0,0,0,EH,,,3.44,11.11,0.993,13.8466
1.3,6/30/18,2:39 PM,AF,26.5,64,C,432.91,0,0,1,EH,,,N/A,9.12,0.985,11.7187
1.3,7/3/18,6:38 PM,AF,26.2,62,C,433.77,0,0,2,EH,2,,N/A,8.9,0.9888,14.2905
1.3,7/6/18,4:23 PM,AF,25.8,52,C,434.03,0,0,1,EH,1,,3.07,8.45,1.0294,13.6652
1.3,7/9/18,1:00 PM,AF,26.1,61,C,433.13,0,0,0,EHP,,,N/A,8.3,1.0028,14.4074
1.3,7/12/18,12:45 PM,AF,26.2,60,C,433.32,0,0,0,EHP,,,N/A,7.61,1.0401,11.9035
1.3,7/15/18,12:13 PM,AF,25.9,62,C,434.45,1,1,0,EHP,,1,2.15,7.56,1.0208,14.4891
1.3,7/18/18,11:20 AM,AF,26.3,63,C,433.4,0,0,0,EHP,,,N/A,7.61,1.0081,14.5828
1.3,7/21/18,1:31 PM,AF,26.1,63,C,435.7,0,0,0,EHP,,,N/A,9.52,1.01,13.37
1.3,7/24/18,12:46 PM,AF,25.6,60,C,434.46,0,0,0,EP,,,0.79,6.71,1.01,15.43
1.3,7/27/18,12:17 PM,AF,25.3,62,CLF,433.98,0,0,0,EP,,,N/A,6.51,1.01,13.39
1.3,7/30/18,9:40 AM,AF,25.9,62,ACF,435.1,3,3,0,EP,,3,N/A,5.69,1.03,14.17
1.3,8/2/18,11:11 AM,AF,26,64,C,434.37,0,0,1,EP,1,,1.15,6.86,1,14.28
1.3,8/5/18,8:39 AM,AF,25.8,63,CF,435.2,2,2,0,EP,,2,N/A,7.28,1.02,13.84
4.2,6/21/18,11:31 AM,AF,26.3,58,CLF,437.02,0,0,0,N,,,N/A,N/A,0.7351,11.1516
4.2,6/24/18,11:20 AM,AF,26.6,64,C,437.06,0,0,2,E(N),2,,N/A,7.25,0.7269,10.8268
4.2,6/27/18,1:23 PM,AF,26.7,61,CF,437.91,0,0,1,E(N),1,,5.27,7.1,0.724,11.7029
4.2,6/30/18,2:53 PM,AF,26.5,62,CF,433.52,0,0,0,E(N),,,N/A,9.19,1.6281,19.9211
4.2,7/3/18,4:50 PM,AF,26.2,61,C,433.16,0,0,0,E(N),,,N/A,9.16,1.6212,19.9117
4.2,7/6/18,4:49 PM,AF,25.9,53,CLF,437.38,0,0,1,E,1,,3.7,12.52,1.6282,20.0568
4.2,7/9/18,1:03 PM,AF,26.2,62,C,435.63,0,0,0,E,,,N/A,11.26,0.7635,11.4405
4.2,7/12/18,12:47 PM,AF,26.2,60,CL,435.63,0,0,0,E,,,N/A,6.74,0.7353,11.5683
4.2,7/15/18,12:21 PM,AF,25.8,61,L,436.01,0,0,0,E,,,2.32,6.55,0.7648,11.8609
4.2,7/18/18,11:22 AM,AF,26.4,63,L,434.01,0,0,1,EP,1,,N/A,7.79,0.747,10.9585
4.2,7/21/18,1:33 AM,AF,26.1,63,C,434.55,0,0,2,EP,2,,N/A,6.5,1.6,19.4
4.2,7/24/18,10:50 AM,AF,23.3,61,L,436.55,0,0,0,EP,,,2.54,7.54,1.6,20.74
4.2,7/27/18,12:20 PM,AF,25.2,63,L,435.86,0,0,1,EP,1,,N/A,8.73,1.61,19.89
4.2,7/30/18,9:50 AM,AF,26,62,CLF,436.51,0,0,0,EP,,,N/A,13.49,0.73,12.67
4.2,8/2/18,11:16 AM,AF,26.1,62,L,437.07,0,0,1,EP,,,2.74,6.27,0.75,11.62
4.2,8/5/18,8:45 AM,AF,23.9,63,L,435.96,0,0,0,EP,,,N/A,1.09,0.76,12.31
1.5,6/21/18,11:56 AM,AF,25.3,59,C,436.57,0,0,0,EHP,,,N/A,N/A,1.1133,14.1876
1.5,6/24/18,11:28 AM,AF,26.6,63,C,436.02,0,0,2,EHP,2,,N/A,7.71,1.0043,13.8688
1.5,6/27/18,2:05 PM,AF,26.7,63,ACF,436.6,0,0,1,EHP,1,,3.36,7.6,1.0411,14.3756
1.5,6/30/18,2:57 PM,AF,26.5,62,C,434.44,0,0,1,EHP,1,,N/A,7.32,1.0095,11.0786
1.5,7/3/18,4:53 PM,AF,26.2,61,C,435.11,3,3,2,EHP,2,,N/A,7.75,1.0187,14.1667
1.5,7/6/18,4:55 PM,AF,26,56,C,436.25,3,0,1,EHP,1,,2.21,7.03,1.0082,12.9238
1.5,7/9/18,1:06 PM,AF,26.2,63,CF,433.95,4,1,2,EHP,1,,N/A,7.58,1.0047,14.2324
1.5,7/13/18,12:50 PM,AF,26.2,60,CLF,435.34,4,0,0,EHP,1,4,N/A,8.27,1.0201,14.193
1.5,7/15/18,12:25 PM,AF,25.8,60,C,435.79,0,0,0,EHP,,,1.21,7.16,0.357,13.718
1.5,7/18/18,11:27 AM,AF,26.4,63,C,434.93,0,0,2,EHP,2,,N/A,7.84,0.9872,14.6217
1.5,7/21/18,1:43 PM,AF,26.1,63,L,435.37,0,0,3,EHP,3,,N/A,7.53,1.04,13.13
1.5,7/24/18,10:54 AM,AF,26,61,C,437.31,0,0,1,EHP,1,,2.04,8.54,0.99,14.77
1.5,7/27/18,12:24 PM,AF,25.3,65,CF,435.63,1,1,1,EHP,1,1,N/A,8.88,1.03,13.87
1.5,7/30/18,9:52 AM,AF,26,62,CF,436.88,2,2,0,EHP,,2,N/A,9.21,1.02,13.87
1.5,8/2/18,11:23 AM,AF,26.1,61,CL,435.93,2,2,2,EHP,2,2,1.43,8.46,1,14.44
1.5,8/5/18,8:48 AM,AF,26,62,L,435.41,0,0,2,EHP,2,,N/A,13.05,0.99,13.41
1.7,6/21/18,12:03 PM,AF,26.4,60,AC,431.73,0,0,0,EHP,,,N/A,N/A,1.0094,14.1628
1.7,6/24/18,11:36 AM,AF,26.6,62,C,632.08,0,0,0,EP,,,N/A,6.42,0.9939,13.4749
1.7,6/27/18,2:20 PM,AF,26.7,63,C,432.9,0,0,2,EHP,2,,3.01,7.1,1.0002,13.595
1.7,6/30/18,3:01 PM,AF,26.5,62,C,431.32,0,0,1,EHP,1,,N/A,8.02,1.0064,12.2451
1.7,7/3/18,5:10 PM,AF,26.2,60,AC,431.76,0,0,0,EHP,,,N/A,7.71,1.035,14.0641
1.7,7/6/18,5:04 PM,AF,26,53,C,432.53,5,5,0,EHP,,,2.22,6.52,0.9888,13.3682
1.7,7/9/18,1:15 PM,AF,26.3,64,C,430.42,5,0,0,EP,,,N/A,6.72,1.0373,14.225
1.7,7/12/18,1:03 PM,AF,26.3,39,CL,432.8,5,0,1,EP,1,5,N/A,8.88,1.0252,13.7337
1.7,7/16/18,12:29 PM,AF,25.8,60,C,432.37,0,0,0,EHP,,,1.36,7.42,0.3833,14.3535
1.7,7/18/18,11:32 AM,AF,26.6,62,AC,430.93,0,0,0,EHP,,,N/A,7.71,1.0023,14.2996
1.7,7/21/18,1:43 PM,AF,26.1,61,C,431.87,0,0,0,EHP,,,N/A,6.47,1.04,13.97
1.7,7/24/18,11:00 AM,AF,26.1,61,CF,432.74,0,0,0,EHP,,,0.65,7.84,1.02,15.4
1.7,7/27/18,12:34 PM,AF,25.5,64,CL,431.77,0,0,0,EP,,,N/A,7.26,1,13.87
1.7,7/30/18,9:58 AM,AF,26.1,62,CL,432.57,0,0,0,EP,,,N/A,9.85,1.03,14.03
1.7,8/2/18,11:33 AM,AF,26,60,CF,433.23,3,3,1,EP,1,3,1.74,6.36,1.01,14.46
1.7,8/5/18,8:35 AM,AF,26,62,CL,433.09,3,3,0,EHP,,3,N/A,8.5,1,14.19
3.3,6/21/18,2:06 PM,AF,26.6,58,C,432.21,0,0,0,EHP,,,N/A,X,1.0846,14.3311
3.3,6/24/18,1:47 PM,AF,26.8,57,C,433.02,0,0,0,EHP,,,N/A,6.76,1.021,13.7357
3.3,6/27/18,3:48 PM,AF,26.7,56,CF,434.09,0,0,0,EHP,,,2.4,6.59,1.0205,14.1867
3.3,6/30/18,3:55 PM,AF,26.7,64,CF,432.41,0,0,0,EHP,,,N/A,6,3.9386,25.6545
3.3,7/3/18,6:00 PM,AF,26.2,60,C,437.48,0,0,1,EHP,1,,N/A,16.37,3.8858,26.3207
3.3,7/6/18,5:53 PM,AF,26.2,60,C,442.01,4,4,0,EHP,,,7.61,17.18,3.9355,25.2814
3.3,7/9/18,2:23 PM,AF,26.6,65,C,435.84,7,3,0,EHP,,,N/A,17.41,1.0131,13.5574
3.3,7/12/18,3:20 PM,AF,26.5,53,CLF,436.01,9,2,0,EHP,,9,N/A,8.9,0.9902,13.9154
3.3,7/15/18,14:17,AF,26.5,61,C,637.53,0,0,0,EHP,,,4.64,6.93,1.0272,14.766
3.3,7/18/18,12:12 PM,AF,26.4,62,C,432.51,2,2,1,EHP,1,2,N/A,8.67,1.0292,16.6838
3.3,7/21/18,15:34,JH,26.4,67,C,432.72,2,2,1,,1,2,N/A,7.22,3.809,24.84
3.3,7/24/18,1:07 PM,AF,26.4,61,C,435,1,1,1,EHP,1,1,3.34,13.36,3.93,26.31
3.3,7/27/18,2:20 PM,AF,26.5,61,C,635.23,0,0,1,EHP,0,,N/A,17.43,3.88,26.11
3.3,7/30/18,10:58 AM,AF,26.5,64,C,439.63,0,0,0,EHP,1,,N/A,20.01,1.02,14.45
3.3,8/2/18,1:30 PM,AF,26.7,62,CF,439.23,1,1,0,EP,,1,6.65,6.84,1,14.67
3.3,8/5/18,9:30 AM,AF,25.9,60,CF,433.29,3,3,1,EP,1,3,N/A,6.9,,
1.1,6/21/18,12:07 AM,AF,26.4,60,C,431.09,0,0,0,EH,,,N/A,N/A,1.0878,13.4162
1.1,6/24/18,11:42 AM,AF,26.6,61,C,431.35,0,0,0,EH,,,N/A,7.22,0.9912,13.0067
1.1,6/27/18,2:44 PM,AF,26.5,58,C,432.88,0,0,0,EHP,,,4.78,7.36,0.9727,13.6571
1.1,6/30/18,3:11 PM,AF,26.5,62,C,430.09,0,0,0,EHP,,,N/A,6.87,0.9606,11.6712
1.1,7/3/18,5:12 PM,AF,26.2,60,AF,431.04,0,0,0,EHP,,,N/A,6.34,1.0074,14.8163
1.1,7/6/18,5:08 PM,AF,26,53,CF,432.03,1,1,0,EHP,,,2.54,8.13,1.0168,13.6729
1.1,7/9/18,1:18 PM,AF,26.2,63,C,429.89,1,0,0,EHP,,,N/A,10.47,1.006,14.1716
1.1,7/12/18,1:26 PM,AF,26.3,58,C,431.57,1,0,0,EHP,,1,N/A,8.7,1.0431,14.1106
1.1,7/15/18,12:34 PM,AF,25.8,60,C,431.38,0,0,1,EHP,1,,1.76,8.72,1.0083,14.3152
1.1,7/18/18,11:34 AM,AF,26.4,61,ACL,430.22,0,0,0,EHP,,,N/A,8.96,1.013,14.1555
1.1,7/21/18,1:52 PM,AF,26.1,61,C,430.24,0,0,0,EHP,,,N/A,6.56,1,13.82
1.1,7/24/18,11:03,AF,26,65,C,429.11,1,1,0,EP,,1,1.29,8.55,1.03,16.97
1.1,7/27/18,12:37 PM,AF,23.5,64,L,430.18,1,1,2,EP,2,1,N/A,4.13,0.97,14.02
1.1,7/30/18,10:00 AM,AF,26.1,61,C,430.48,0,0,1,EP,3,,N/A,4.82,1.01,13.33
1.1,8/2/18,12:17 PM,AF,26.3,64,C,431.62,0,0,3,EHP,3,,2.06,7.75,1.01,13.68
1.1,8/5/18,9:00 AM,AF,25.9,61,C,431.74,0,0,1,EHP,1,,N/A,10.01,1,13.6
1.2,6/21/18,12:10 PM,AF,26.4,61,C,440.12,0,0,0,EH,,,N/A,N/A,1.0931,14.2467
1.2,6/24/18,11:44 AM,AF,26.6,61,AC,440.93,0,0,0,EH,,,N/A,7.75,1.0403,13.8998
1.2,6/27/18,2:50 PM,AF,26.6,59,C,443.09,0,0,1,EHP,1,,3.56,7.53,0.967,14.6186
1.2,6/30/18,3:15 PM,AF,26.5,62,C,440,0,0,0,EHP,,,N/A,8.25,1.0622,11.2996
1.2,7/3/18,5:17 PM,AF,26.2,60,C,439.04,0,0,1,HP,1,,N/A,7.22,1.0203,13.902
1.2,7/6/18,5:12 PM,AF,26,55,CF,441.31,1,1,0,EHP,,,2.07,7.83,1.0069,13.3129
1.2,7/9/18,1:20 PM,AF,26.2,63,CF,438.95,5,4,0,EHP,,,N/A,7.06,1.032,14.8606
1.2,7/12/18,1:32 PM,AF,26.4,58,CL,440.67,6,1,0,EHP,0,6,N/A,8.63,1.0317,14.1032
1.2,7/15/18,1:24 PM,AF,25.8,66,C,439.95,0,0,0,EHP,,,2.01,7.25,0.9768,14.028
1.2,7/18/18,11:38 AM,AF,26.6,61,ACL,438.82,0,0,0,EHP,,,N/A,7.41,1.0078,14.3753
1.2,7/21/18,1:34 PM,AF,26.2,6.2,C,439.18,1,1,1,EHP,1,1,N/A,6.69,0.99,13.75
1.2,7/24/18,11:41 AM,AF,26,65,C,438.2,0,0,0,EH,,,1.59,8.05,0.97,15.33
1.2,7/27/18,12:47 AM,AF,25.6,62,L,436.07,0,0,1,EP,1,,N/A,4.8,1.03,14.18
1.2,7/30/18,10:07 AM,AF,26,61,C,441.39,0,0,0,EP,,,N/A,8.52,1,14.2
1.2,8/2/18,12:24 PM,AF,26.4,63,CL,440.44,0,0,1,EP,1,,1.2,7.03,0.98,14.34
1.2,8/5/18,9:02 AM,AF,25.9,61,C,441.31,0,0,1,EP,1,,N/A,8.46,0.99,13.67
3.5,6/21/18,12:17 PM,AF,26.4,60,CF,424.22,0,0,0,EH,,,N/A,N/A,1.0583,13.6281
3.5,6/24/18,11:48 AM,AF,26.6,61,C,425.19,0,0,0,EH,,,N/A,6.18,1.0079,14.825
3.5,6/27/18,3:00 PM,AF,26.6,60,C,426.48,0,0,0,EHP,,,4.02,7.48,0.9815,13.6789
3.5,6/30/18,3:18 PM,AF,26.3,62,CF,423.31,0,0,0,EHP,,,N/A,7.25,3.8327,25.1742
3.5,7/3/18,5:30 PM,AF,26.2,62,C,428.56,0,0,0,EHP,,,N/A,17.13,3.8712,25.2971
3.5,7/6/18,5:16 PM,AF,26,56,CF,430.53,0,0,0,EHP,,,8.75,21.9,3.8551,25.7949
3.5,7/9/18,1:23 PM,AF,26.2,62,C,426.54,0,0,0,EHP,,,N/A,18.44,1.007,14.3256
3.5,7/12/18,1:48 PM,AF,26.4,58,C,428.43,3,3,0,EHP,,3,N/A,8.89,0.9869,14.3042
3.5,7/15/18,1:27 PM,AF,25.8,65,C,428.05,1,1,0,EHP,,1,5.24,8.91,0.552,13.7528
3.5,7/18/18,11:40 AM,AF,26.4,61,C,423.16,0,0,0,EH,,,N/A,10.56,1.019,14.215
3.5,7/21/18,1:59 PM,AF,26.4,63,C,423.76,0,0,0,EH,,,N/A,9.11,3.94,25.62
3.5,7/24/18,11:44 AM,AF,25.9,63,C,425.56,0,0,0,EH,,,5.7,21.87,3.91,20.51
3.5,7/27/18,12:51 PM,AF,25.7,62,C,427.45,0,0,0,EH,,,N/A,17.38,3.9,25.76
3.5,7/30/18,10:11 AM,AF,26,61,C,430.14,0,0,0,EH,,,N/A,20.97,0.98,14.06
3.5,8/2/18,12:32 PM,AF,26.4,61,C,430.59,0,0,0,EH,,,7.72,8.17,1,13.6
3.5,8/5/18,9:06 AM,AF,25.9,61,L,422.58,0,0,0,EH,,,N/A,11.55,1.01,13.92
3.6,6/21/18,1:21 PM,AF,26.4,63,C,431.95,0,0,0,EH,,,N/A,x,1.065,13.8814
3.6,6/24/18,11:51 AM,AF,26.6,60,C,432.57,0,0,0,EHP,,,N/A,7.52,1.0343,14.6559
3.6,6/27/18,3:06 PM,AF,26.6,59,C,433.58,0,0,0,EHP,,,1.15,9.03,0.9831,16.1756
3.6,6/30/18,3:21 PM,AF,26.5,62,C,432.84,0,0,0,EHP,,,N/A,8.84,3.9383,26.1483
3.6,7/3/18,5:33 PM,AF,26.2,61,C,436.2,0,0,0,EHP,,,N/A,19.94,3.9215,25.5135
3.6,7/6/18,5:21 PM,AF,26,56,C,440.5,1,1,0,EHP,,,10.17,18.94,3.9064,26.6615
3.6,7/10/18,1:58 PM,AF,26.1,63,CF,432.32,3,2,0,EHP,,,N/A,20.81,1.0248,14.1388
3.6,7/12/18,1:59 PM,AF,26.4,59,C,434.56,4,1,0,EHP,,4,N/A,9.87,1.0392,14.2821
3.6,7/15/18,1:35 PM,AF,25.8,63,CF,433.34,1,1,0,EHP,,1,6.71,7.3,1.0374,13.9513
3.6,7/18/18,11:42 AM,AF,26.3,60,C,430.08,0,0,0,EHP,,,N/A,7.36,0.9963,13.2502
3.6,7/21/18,2:01 PM,AF,26.5,63,C,430.27,0,0,0,EHP,,,N/A,6.81,3.88,25.38
3.6,7/24/18,11:48 AM,AF,25.9,61,CC,432.69,0,0,0,EHP,,,4.56,18.87,3.9,26.58
3.6,7/27/18,13:30,AF,26,59,C,433.88,1,1,1,EHP,1,1,N/A,16.39,3.92,26.01
3.6,7/30/18,10:14 AM,AF,26,61,AC,438.37,1,1,1,EHP,1,1,N/A,19.21,1,14.5
3.6,8/2/18,12:35,AF,26.4,61,C,437.56,0,0,1,E,1,,7.72,7.64,1,13.6
3.6,8/5/18,9:08 AM,AF,25.9,61,C,439.24,0,0,0,E,,,N/A,8.71,0.98,13.75
4.6,6/21/18,1:29 PM,AF,26.5,63,C,435.24,0,0,0,EH,,,N/A,x,0.7634,11.6295
4.6,6/24/18,12:03 PM,AF,26.6,60,CF,435.9,0,0,0,EH,,,N/A,6.69,0.7276,11.2936
4.6,6/27/18,3:16 PM,AF,26.6,59,CF,435.7,0,0,0,EHP,,,1.81,6.32,0.7727,11.607
4.6,6/30/18,3:33 PM,AF,26.3,61,ACF,434.74,0,0,0,EHP,,,N/A,7.26,1.6022,23.7422
4.6,7/3/18,5:39 PM,AF,26.2,61,CF,436.15,3,3,0,EHP,,,N/A,13.13,1.5692,20.0415
4.6,7/6/18,5:20 PM,AF,26,58,C,439.07,7,4,0,EHP,,,2.34,9.11,1.6023,15.7435
4.6,7/9/18,2:06 PM,AF,26.3,61,CF,436.28,7,0,0,EHP,,,N/A,11.68,0.7341,11.4928
4.6,7/12/18,2:16 PM,AF,26.5,59,CL,436.02,7,0,0,EHP,,7,N/A,6.74,0.7733,11.6905
4.6,7/15/18,1:46 PM,AF,25.9,61,CLF,435.15,0,0,0,EHP,,,2.65,6.78,0.7882,11.7359
4.6,7/18/18,11:46 AM,AF,26.3,60,C,433.46,0,0,0,EP,,,N/A,6.94,0.727,11.991
4.6,7/21/18,2:05 PM,AF,26.7,64,C,433.55,3,3,0,EHP,,3,N/A,6.85,1.64,18.82
4.6,7/24/18,11:58 AM,AF,26,59,CF,432.27,0,0,0,EHP,,,2.82,17.26,1.6,20.05
4.6,7/27/18,1:50 PM,AF,26.7,64,C,434.02,0,0,0,E,,,N/A,17.78,1.62,20.27
4.6,7/30/18,10:33 PM*,AF,25.8,60,CL,434.87,0,0,0,E,,,N/A,17.4,0.75,11.42
4.6,8/2/18,12:45 PM,AF,26.3,62,CL,433.64,0,0,0,E,,,3.62,7.44,0.75,11.34
4.6,8/5/18,9:14 AM,AF,25.9,60,CF,434,0,0,0,EHP,,,N/A,7.85,0.72,12.23
4.1,6/21/18,1:25 PM,AF,26.5,63,C,436.57,0,0,0,EH,,,N/A,x,0.746,11.3621
4.1,6/24/18,11:59 AM,AF,26.6,60,CF,436.63,0,0,0,EHP,,,N/A,6.28,0.7541,11.8678
4.1,6/27/18,3:11 PM,AF,26.6,59,CF,435.44,0,0,0,EHP,,,2.36,6.21,0.7019,11.7628
4.1,6/30/18,3:30 PM,AF,26.5,61,CF,432.77,0,0,0,EHP,,,N/A,6.68,1.571,20.4395
4.1,7/3/18,5:37 PM,AF,26.2,616,C,435.73,2,2,0,EHP,,,N/A,10.87,1.6032,20.4365
4.1,7/6/18,5:25 AM,AF,26,58,C,438.93,4,2,0,EHP,,,3.53,10.99,1.6127,19.1888
4.1,7/9/18,2:01 PM,AF,26.1,62,CL,433.51,5,1,0,EHP,,1,N/A,15.35,0.7154,11.7877
4.1,7/12/18,2:05 PM,AF,26.5,59,C,434.79,5,1,0,EHP,,5,N/A,7.45,0.7154,11.1429
4.1,7/15/18,1:42 PM,AF,25.8,62,C,433.01,0,0,0,EHP,,,1.86,7.55,0.7882,12.3611
4.1,7/18/18,11:44 AM,AF,26.3,60,CF,432.03,0,0,0,EHP,,,N/A,7.01,0.7587,12.3276
4.1,7/21/18,2:03 PM,AF,26.6,63,C,432.25,0,0,1,EH,1,,N/A,7.03,1.62,19.55
4.1,7/24/18,11:51 AM,AF,25.9,61,C,431.82,1,1,1,EHP,1,1,2.57,16.29,1.6,20.44
4.1,7/27/18,1:37 PM,AF,26.2,61,C,431.58,4,4,1,EP,1,4,N/A,10.4,1.63,18.64
4.1,7/30/18,10:22 AM,AF,25.9,61,C,434.81,0,0,1,E,1,,N/A,15.91,0.78,12.37
4.1,8/2/18,12:40 PM,AF,26.4,60,C,435.56,0,0,1,E,1,,3.41,6.98,0.75,11.75
4.1,8/5/18,9:12 AM,AF,25.9,60,AC,434.02,0,0,0,EH,,,N/A,1.81,0.75,11.82
2.2,6/21/18,2:26 PM,AF,26.6,58,AC,425.75,0,0,0,EHP,,,N/A,x,1.0931,14.2467
2.2,6/24/18,2:06 PM,AF,27,61,C,427.91,0,0,0,EHP,,,N/A,9.08,1.9946,18.371
2.2,6/27/18,3:58 PM,AF,26.7,56,CF,429.68,0,0,0,EHP,,,3.96,11.01,2.0116,17.0447
2.2,6/30/18,4:07 PM,AF,26.8,62,C,427.81,0,0,0,EHP,,,N/A,12.13,2.0321,17.7378
2.2,7/3/18,6:34 PM,AF,26.2,61,C,429.9,0,0,0,EHP,,,N/A,7.33,1.9685,17.7014
2.2,7/6/18,6:04 PM,AF,26.2,60,C,431.9,1,1,0,EHP,,,6.03,11.26,2.0109,16.7868
2.2,7/9/18,2:33 PM,AF,26.6,63,CF,425.77,4,3,1,EHP,0,,N/A,6.9,2.0359,17.197
2.2,7/12/18,4:28 PM,AF,26.5,60,C,427.84,5,1,0,EHP,1,5,N/A,7.45,2.0237,17.3644
2.2,7/15/18,2:33 PM,AF,26.4,61,C,431,4,4,0,EHP,,4,4.75,11.66,2.0171,27.3247
2.2,7/18/18,12:28 PM,AF,26.4,61,C,426.58,2,2,1,EP,1,2,N/A,8.22,1.9978*,17.9775
2.2,7/21/18,15:50,JH,26.5,69,,428.54,0,0,3,EH,3,,N/A,12.01,2.02,17.91
2.2,7/24/18,1:31 PM,AF,27.1,61,C,430.07,0,0,1,EH,1,,4.23,10.21,2.01,18.11
2.2,7/27/18,2:36 PM,AF,26.5,60,C,428.08,0,0,2,EHP,2,,N/A,8.92,2.01,17.56
2.2,7/30/18,11:53 AM,AF,26.7,62,C,429.88,0,0,0,EHP,,,N/A,10.8,2,17.67
2.2,8/2/18,1:49 PM,AF,26.8,61,C,430.71,3,3,1,EHP,1,3,3.71,7.35,2.01,16.31
2.2,8/5/18,9:41 AM,AF,26,59,C,428.16,2,2,3,EH,3,2,N/A,8.88,2.02,17.53
4.3,6/21/18,1:33 PM,AF,26.5,62,AC,427.66,0,0,0,EHP,,,N/A,x,0.7547,10.6192
4.3,6/24/18,12:11 PM,AF,26.6,59,C,427.62,0,0,0,EHP,,,N/A,5.78,0.7719,10.9217
4.3,6/27/18,3:20 PM,AF,26.6,58,C,428.26,0,0,0,EHP,,,2.11,5.67,0.717,12.0148
4.3,6/30/18,3:42 PM,AF,26.2,54,CF,426.88,0,0,0,EHP,,,N/A,7.01,1.6025,20.7385
4.3,7/3/18,5:42 PM,AF,26.2,62,AC,428.34,0,0,0,EHP,,,N/A,13.07,1.5972,20.119
4.3,7/6/18,5:33 PM,AF,26,59,C,430.92,3,3,0,EHP,,,2.24,9.89,1.6241,19.7397
4.3,7/9/18,2:03 PM,AF,26.3,61,C,429.34,3,0,1,EHP,1,,N/A,9.37,0.7418,11.8665
4.3,7/12/18,2:28 PM,AF,26.5,59,CL,428.3,4,1,0,EHP,,4,N/A,6.29,0.7163,11.8079
4.3,7/15/18,1:50 PM,AF,25.9,61,C,427.34,2,2,0,EHP,,1,1.36,6.46,0.7615,12.056
4.3,7/18/18,11:45 AM,AF,26.3,60,CF,427.11,2,2,0,EP,,1,N/A,5.98,0.7472,12.3137
4.3,7/21/18,2:12 PM,AF,26.9,63,L,426.98,4,3,0,EP,,3,N/A,6.07,1.6,13.4
4.3,7/24/18,12:03 PM,AF,26.1,60,C,428.32,2,1,0,EHP,,1,2.31,8.72,1.59,20.21
4.3,7/27/18,1:52 PM,AF,26.7,65,C,430.57,1,0,0,EP,,0,N/A,7.37,1.62,19.98
4.3,7/30/18,10:36 AM,AF,25.9,60,C,432.11,3,2,0,EH,,2,N/A,9.68,0.78,11.52
4.3,8/2/18,12:55 PM,AF,26.3,62,C,429.31,1,0,0,EP,,0,1.57,6.61,0.75,14.59
4.3,8/5/18,9:16 AM,AF,25.9,60,C,429,1,0,0,EP,,0,N/A,7.43,0.73,11.4
4.7,6/21/18,1:52 PM,AF,26.6,60,C,426.11,0,0,0,EHP,,,N/A,,0.7428,10.7716
4.7,6/24/18,1:28 PM,AF,26.8,60,C,426.7,0,0,0,EHP,,,N/A,5.21,0.7154,11.3275
4.7,6/27/18,3:30 PM,AF,26.6,58,L,426.95,0,0,0,EP,,,1.58,6.96,0.7784,11.5016
4.7,6/30/18,3:48 PM,AF,26.3,59,CF,425.84,0,0,0,EP,,,N/A,6.55,1.6055,19.9695
4.7,7/3/18,5:49 PM,AF,26.2,62,C,428.8,0,0,0,EHP,,,N/A,10.62,1.6025,21.2543
4.7,7/6/18,5:41 PM,AF,26.1,60,C,431.18,0,0,0,EHP,,,4.36,13.76,1.6185,19.2331
4.7,7/9/18,2:16 PM,AF,26.5,63,C,426.36,3,3,0,EHP,,,N/A,13.26,0.7841,11.7288
4.7,7/12/18,2:45 PM,AF,26.6,59,CLF,426.88,6,3,0,EHP,,6,N/A,7.4,0.7746,11.6501
4.7,7/15/18,2:04 PM,AF,26.5,63,C,428.17,1,1,0,EHP,,1,2.34,6.55,0.769,11.1783
4.7,7/18/18,12:01 PM,AF,26.3,58,CF,424.37,0,0,0,EP,,,N/A,6.16,0.7159,11.0099
4.7,7/21/18,2:20 PM,AF,26.8,62,C,424.7,3,3,0,EHP,,3,N/A,7.11,1.61,19.6
4.7,7/24/18,12:15 PM,AF,26.7,63,C,423.33,2,2,0,EHP,,2,2.19,12.55,1.61,20.95
4.7,7/27/18,2:03 PM,AF,26.7,63,C,426.16,1,1,0,EH,1,,N/A,12.26,1.6,19.84
4.7,7/30/18,10:47 AM,AF,26.3,64,C,427.89,0,0,0,EH,,,N/A,16.27,0.76,11.68
4.7,8/2/18,1:16 PM,AF,26.4,61,C,427.35,0,0,0,EH,,,3.08,7.39,0.73,11.68
4.7,8/5/18,9:21 AM,AF,25.9,60,C,425.65,0,0,0,EH,,,N/A,9.49,0.78,11.67
3.7,6/21/18,2:10 PM,AF,26.6,58,C,431.77,0,0,1,,1,,N/A,x,1.0164,13.9895
3.7,6/24/18,1:52 PM,AF,26.8,57,AC,431.91,0,0,2,EHP,0,,N/A,7.3,1.0423,14.6709
3.7,6/27/18,1:59 PM,AF,26.7,63,C,429.84,0,0,2,EHP,4,,1.08,10.63,1.0109,14.5563
3.7,6/30/18,3:58 PM,AF,26.8,64,C,431.84,0,0,3,EHP,0,,N/A,9.78,3.1754,26.4026
3.7,7/3/18,6:18 PM,AF,26.2,60,C,435.33,0,0,1,EHP,5,,N/A,21.66,3.8835,25.1701
3.7,7/6/18,5:56 PM,AF,26.2,61,C,441.5,1,1,0,EHP,,,9.47,18.64,3.9275,25.4302
3.7,7/9/18,2:25 PM,AF,26.6,64,C,435.04,1,0,0,EHP,,,N/A,17.21,1.032,14.4971
3.7,7/12/18,3:44 PM,AF,26.8,63,C,435.58,1,0,1,EHP,1,1,N/A,10.04,1.0405,13.7288
3.7,7/15/18,2:21 PM,AF,26.4,60,C,437.7,1,1,2,EHP,2,1,4.59,7.37,0.9933,14.5154
3.7,7/18/18,12:21 PM,AF,26.4,62,AC,432,0,0,1,EP,1,,N/A,8.08,1.0016,14.087
3.7,7/21/18,3:40 PM,JH,26.4,68,C,431.9,0,0,2,,2,,N/A,5.97,3.915,25.75
3.7,7/24/18,1:15 PM,AF,26.7,61,C,435.59,2?,2?,3,EHP,0,0,4.06,18.76,3.89,26.87
3.7,7/27/18,2:29 PM,AF,26.5,61,C,436.04,3,1,1,EHP,4,3,N/A,19.25,1.9,25.33
3.7,7/30/18,11:03 AM,AF,26.5,64,C,440.95,5,5,1,EH,1,5,N/A,16.92,1.01,13.81
3.7,8/2/18,1:35 PM,AF,26.8,63,C,439.96,1,1,3,EH,2,1,6.85,6.75,1,13.89
3.7,8/5/18,9:36 AM,AF,25.9,60,C,433.99,0,0,2,E,2,,N/A,8.22,1,13.92
3.2,6/21/18,2:29 PM,AF,26.6,58,AC,435.41,0,0,0,EH,,,N/A,X,1.0187,13.6516
3.2,6/24/18,2:09 PM,AF,27,61,C,435.79,0,0,0,EHP,,,N/A,5.51,1.027,14.3294
3.2,6/27/18,4:02 PM,AF,26.7,56,CF,436.31,0,0,0,EHP,,,0.64,6.57,0.973,14.2393
3.2,6/30/18,4:08 PM,AF,26.7,62,CLF,439.69,0,0,0,EHP,,,N/A,5.83,3.914,25.3786
3.2,7/3/18,6:37 PM,AF,26.3,62,C,439.69,1,1,0,EHP,,,N/A,16.21,3.8986,25.784
3.2,7/6/18,6:08 PM,AF,26.2,58,C,444.42,8-Jul,7-Jun,0,EHP,,,7.62,17.93,3.8742,25.4938
3.2,7/9/18,2:35 PM,AF,26.6,63,C,441.49,13-14,8-Jul,0,EHP,,,N/A,10.34,11.9611,14.8413
3.2,7/12/18,16:35,AF,26.5,60,AC,439.58,15,1,0,EHP,,15,N/A,6.06,0.9551,16.1899
3.2,7/15/18,2:44 PM,AF,26.6,62,C,440.7,2,2,0,EHP,,2,3.76,6.78,1.0188,13.4459
3.2,7/18/18,12:37 PM,AF,26.6,60,C,435.85,0,0,0,EHP,,,N/A,12.95,1.0204,16.0333
3.2,7/21/18,15:52,JH,26.5,70,AC,437.91,0,0,0,EHP,,,N/A,7.12,3.96,26.78
3.2,7/24/18,1:36 PM,AF,27,60,C,441.08,2,2,0,EHP,,2,3.43,9.66,3.86,26.32
3.2,7/27/18,2:44 PM,AF,26.4,60,C,442.47,0,0,0,EHP,,,N/A,14.21,3.91,26.04
3.2,7/30/18,10:56 AM,AF,26.8,63,C,445.18,0,0,0,EHP,,,N/A,20.64,1,13.36
3.2,8/2/18,1:58 PM,AF,26.7,60,C,444.82,3,3,0,EP,,3,7.21,6.5,1,13.8
3.2,8/5/18,9:49 AM,AF,26.2,61,C,436.78,6,6,0,EH,,6,N/A,6.87,1.01,14.45
2.3,6/21/18,1:57 PM,AF,26.6,59,C,427.6,0,0,0,EHP,,,N/A,,2.0086,17.9294
2.3,6/24/18,1:33 PM,AF,28.8,59,C,429.46,0,0,1,EHP,1,,N/A,9.11,1.9944,17.0933
2.3,6/27/18,3:35 PM,AF,26.7,57,C,431.02,0,0,0,EHP,,,6.03,10.27,2.0124,17.4564
2.3,6/30/18,3:50 PM,AF,26.4,60,C,429.6,0,0,0,EHP,,,N/A,8.26,1.9829,17.2058
2.3,7/3/18,5:51 PM,AF,26.2,62,CF,432.29,4,4,0,EHP,,,N/A,8.37,1.9791,16.2303
2.3,7/6/18,5:44 PM,AF,26.1,61,C,434.92,6,2,0,EHP,,,5.76,8.41,2.0038,17.2802
2.3,7/9/18,2:18 PM,AF,26.6,63,C,428.66,6,0,0,EHP,,,N/A,12.17,2.0129,18.2996
2.3,7/12/18,2:59 PM,AF,26.6,59,C,431.67,6,0,0,EHP,6,,N/A,10.64,2.0303,17.5796
2.3,7/15/18,2:10 PM,AF,26.5,63,C,433.74,0,0,0,EHP,,,6.72,11.68,1.9076,17.337
2.3,7/18/18,12:02 PM,AF,26.3,59,C,429.16,2,2,1,EHP,1,2,N/A,11.28,2.0029,18.0999
2.3,7/21/18,2:26 PM,AF,26.8,62,C,431.77,2,2,0,EHP,,2,N/A,11.14,2,17.89
2.3,7/24/18,12:27 PM,AF,26.7,61,C,430.09,3,3,0,EHP,,3,5,12.54,2,17.68
2.3,7/27/18,2:07 PM,AF,26.6,63,C,428.48,2,2,0,EHP,,2,N/A,18.69,2,18.3
2.3,7/30/18,10:49 AM,AF,26.4,65,C,430.48,0,0,0,EHP,,,N/A,13.27,2,17.71
2.3,8/2/18,1:39 PM,AF,26.4,61,C,430.21,0,0,0,EHP,,,3.6,8.41,2,17.18
2.3,8/5/18,9:23 AM,AF,25.9,60,C,430.87,0,0,0,EHP,,,N/A,11.21,2,17.18
2.6,6/21/18,1:59 PM,AF,26.6,59,C,430.72,0,0,0,EHP,,,N/A,,2.001,17.5511
2.6,6/24/18,1:41 PM,AF,26.8,58,AC,432.78,0,0,1,EH,1,,N/A,13.07,2.0337,18.2486
2.6,6/27/18,3:39 PM,AF,26.7,57,C,433.96,0,0,1,EH,1,,6.3,13.82,2.0289,17.6887
2.6,6/30/18,3:52 PM,AF,26.5,61,C,429.78,0,0,1,EHP,1,,N/A,11.61,1.9958,17.4268
2.6,7/3/18,5:54 PM,AF,26.2,62,C,432.38,0,0,3,EHP,3,,N/A,12.36,1.9976,17.6725
2.6,7/6/18,3:45 PM,AF,26.2,61,C,435.59,2,2,0,EHP,,,5.62,10.62,2.0132,17.377
2.6,7/9/18,2:20 PM,AF,26.6,64,C,430.32,2,0,0,EHP,,,N/A,8.43,1.9841,17.7525
2.6,7/12/18,3:08 PM,AF,26.6,59,C,431.26,2,0,0,EHP,,2,N/A,11.07,2.0275,17.6292
2.6,7/15/18,2:14 PM,AF,26.5,62,C,436.73,0,0,0,EHP,,,3.46,8.08,1.9933,16.4853
2.6,7/18/18,12:10 PM,AF,26.4,62,C,433.62,0,0,0,EHP,,,N/A,7.95,2.0342,17.4469
2.6,7/21/18,2:30 PM,AF,26.8,62,C,432.33,0,0,0,EP,,,N/A,5.32,2.03,18.52
2.6,7/24/18,12:34 PM,AF,26.6,59,C,435.12,1,1,0,EHP,,,3.74,9.21,1.98,18.07
2.6,7/27/18,2:11 PM,AF,26.6,62,AC,433.32,5,5,0,EHP,,4,N/A,6.83,2.01,17.79
2.6,7/30/18,10:31 AM,AF,26.5,65,C,435.65,1,0,0,EHP,,1,N/A,9.5,2,18
2.6,8/2/18,1:26 PM,AF,26.6,61,CF,435.92,0,0,0,EHP,,,2.97,7.23,2,16.94
2.6,8/5/18,9:25 AM,AF,25.9,60,C,435.4,2,2,1,EHP,1,2,N/A,10.37,2,18.67
4.4,6/21/18,2:33 PM,AF,26.6,58,C,424.52,0,0,0,EHP,,,N/A,X,0.7611,11.7237
4.4,6/24/18,2:12 PM,AF,27,60,C,423.76,0,0,0,EHP,,,N/A,6.68,0.7407,10.4405
4.4,6/27/18,4:07 PM,AF,26.7,55,C,423.46,0,0,1,EHP,1,,1.82,5.74,0.7165,11.7062
4.4,6/30/18,4:11 PM,AF,26.6,62,AC,422.56,0,0,1,EHP,1,,N/A,6.03,1.5811,19.796
4.4,7/3/18,6:35 PM,AF,26.3,62,C,425.49,0,0,0,EHP,,,N/A,11.16,1.5811,29.1526
4.4,7/6/18,6:12 PM,AF,26.2,57,C,428.56,5,5,0,EHP,,,2.72,10.58,1.5684,18.5588
4.4,7/9/18,2:39 PM,AF,26.6,62,C,424.13,7,2,0,EHP,,1,N/A,10.16,0.7535,11.8163
4.4,7/12/18,4:45 PM,AF,26.5,59,CL,424.38,8,2,1,EHP,1,8,N/A,10.79,0.7226,11.4626
4.4,7/15/18,2:51 PM,AF,26.4,61,C,425.25,0,0,2,EHP,2,,1.71,7.45,0.7784,11.7803
4.4,7/18/18,12:39 PM,AF,26.4,60,CL,422.48,0,0,1,EP,,,N/A,7.46,7470,11.4123
4.4,7/21/18,15:55,JH,26.5,70,L,422.729,2,2,0,E,,2,N/A,7.91,1.61,19.08
4.4,7/24/18,13:42,AF,26.9,58,C,424.02,1,1,1,E,1,1,1.92,12.85,1.63,20.69
4.4,7/27/18,2:46 PM,AF,26.4,59,C,424.4,0,0,0,EHP,,,N/A,10.54,1.58,20.72
4.4,7/30/18,11:58 AM,AF,26.8,63,C,425.41,0,0,1,EHP,1,,N/A,14.95,0.75,12.05
4.4,8/2/18,2:05 PM,AF,26.7,59,CF,424.82,0,0,2,EP,2,,1.12,6.94,0.76,11.07
4.4,8/5/18,9:56 AM,AF,26.5,63,C,423.26,0,0,1,EP,1,,N/A,5.82,0.74,12.44
4.5,6/21/18,2:15 PM,AF,26.6,58,C,427.53,0,0,1,,1,,N/A,x,0.7518,10.5238
4.5,6/24/18,2:03 PM,AF,26.9,61,C,427.56,0,0,0,EH,,,N/A,5.89,0.7823,12.0419
4.5,6/27/18,3:53 PM,AF,26.7,56,C,428.41,0,0,0,EHP,,,3.53,6.5,0.7505,11.3414
4.5,6/30/18,4:04 PM,AF,26.9,63,CF,425.04,0,0,0,EHP,,,N/A,5.59,1.6281,20.409
4.5,7/3/18,6:32 PM,AF,26.2,60,C,427.76,0,0,0,EHP,,,N/A,9.12,1.6168,18.9227
4.5,7/6/18,6:01 PM,AF,26.2,61,C,430.69,1,1,0,EHP,,,3.68,11.49,1.6146,19.9098
4.5,7/9/18,2:27 PM,AF,26.6,64,C,426.46,2,1,1,EHP,1,,N/A,15.38,0.7385,11.8189
4.5,7/12/18,3:52 PM,AF,26.9,62,CLF,426.77,4,2,0,EHP,,4,N/A,6.48,0.7776,11.6688
4.5,7/15/18,2:30 PM,AF,26.4,61,C,428.6,0,0,0,EHP,,,2.25,6.65,0.7809,11.8693
4.5,7/18/18,12:24 PM,AF,26.4,62,C,425.42,0,0,0,EHP,,,N/A,7.09,0.7243,11.4123
4.5,7/21/18,3:45 PM,JH,26.5,69,L,425.94,0,0,0,E,,,N/A,6.53,1.62,19.49
4.5,7/24/18,1:25 PM,AF,27.1,62,C,427.26,1,1,0,EHP,,1,2.47,12.66,1.58,20.58
4.5,7/27/18,2:33 PM,AF,26.3,60,C,428.96,0,0,0,EHP,,,N/A,9.18,1.6,20.45
4.5,7/30/18,11:51 AM,AF,26.7,62,C,425.84,0,0,0,EHP,,,N/A,13.22,0.75,12.23
4.5,8/2/18,1:45 PM,AF,26.8,62,C,428.45,0,0,0,EP,,,2.46,6.95,0.75,11.21
4.5,8/5/18,9:40 AM,AF,25.9,60,CF,426.44,0,0,0,EP,,,N/A,6.91,0.76,11.8
2.5,6/21/18,2:41 PM,AF,26.6,58,C,432.25,0,0,0,HP,,,N/A,,2.0274,17.65
2.5,6/24/18,2:26 PM,AF,26.9,59,C,433.58,0,0,1,EP,1,,N/A,9.54,1.9864,16.9688
2.5,6/27/18,3:23 PM,AF,26.6,55,C,433.76,0,0,1,EP,0,,2.08,9.6,2.0221,17.9688
2.5,6/30/18,4:18 PM,AF,26.6,62,C,433.68,0,0,0,EHP,0,,N/A,11.21,1.9742,17.2655
2.5,7/3/18,6:44 PM,AF,26.3,62,C,435.31,0,0,0,,1,,N/A,11.53,1.9386,17.6998
2.5,7/6/18,6:21 PM,AF,26.2,58,C,438.5,2,2,0,,,,6.61,12.59,2.0113,17.99
2.5,7/9/18,2:51 PM,AF,26.6,61,C,433.36,4,2,1,,1,,N/A,10,1.9744,18.0363
2.5,7/12/18,5:11 PM,AF,26.6,59,C,436.73,6,2,0,EHP,,6,N/A,10.85,1.9905,17.4607
2.5,7/15/18,3:01 PM,AF,26.4,59,AC,436.25,2,2,0,EHP,,2,4.45,10.57,2.03,18.1135
2.5,7/18/18,12:46 PM,AF,26.4,59,C,433.59,2,2,0,EHP,,1,N/A,10.48,2.0258,17.2031
2.5,7/21/18,4:04 PM,JH,26.6,71,,435.5,1,1,0,,,,N/A,12.3,2.01,18.16
2.5,7/24/18,1:56 PM,AF,26.9,61,C,435.56,0,0,1,EHP,1,,5.28,12.98,2,18.5
2.5,7/27/18,2:52 PM,AF,26.5,60,C,433.58,0,0,1,EHP,1,,N/A,11.07,2.02,17.63
2.5,7/30/18,12:07 PM,AF,26.8,62,C,433.2,0,0,0,EHP,,,N/A,12.98,2,17.55
2.5,8/2/18,2:32 PM,AF,26.6,61,C,436.31,2,2,3,EH,3,2,4.95,10.62,2,17.86
2.5,8/5/18,10:02 AM,AF,26.6,64,C,432.94,0,0,0,EH,,,N/A,11.83,1.99,17.47
2.4,6/21/18,2:36 PM,AF,26.6,58,AC,429.17,0,0,0,EH,,,N/A,X,2.0601,16.97
2.4,6/24/18,2:15 PM,AF,27,60,AC,432.05,0,0,1,E,1,,N/A,9.84,20100,17.0532
2.4,6/27/18,4:13 PM,AF,26.7,58,C,433.48,0,0,0,EHP,,,5.98,10.9,1.9852,16.4389
2.4,6/30/18,4:16 PM,AF,26.6,63,C,429.61,0,0,0,EHP,,,N/A,9.99,2.0421,17.838
2.4,7/3/18,6:42 PM,AF,26.3,62,CF,432.37,0,0,0,EHP,,,N/A,12.49,2.0177,18.0552
2.4,7/6/18,6:17 PM,AF,26.2,57,C,434.46,4,4,0,EHP,,,5.76,12.69,1.9776,16.9014
2.4,7/9/18,2:46 PM,AF,26.6,61,C,429.53,4,0,1,EHP,1,,N/A,10.3,1.9976,17.3423
2.4,7/12/18,5:02 PM,AF,26.6,55,C,431.11,5,1,0,EHP,,5,N/A,12.73,2.0008,17.4002
2.4,7/15/18,2:58 PM,AF,26.4,60,C,432.57,0,0,0,EHP,,,4.66,10.4,2.0021,19.0583
2.4,7/18/18,12:44:00 AM*,AF,26.4,59,C,429.68,0,0,0,EHP,,,N/A,13.9,1.9328,17.9809
2.4,7/21/18,15:59,JH,26.6,71,AC,432.97,0,0,0,EHP,,,N/A,8.2,2.009,17.88
2.4,7/24/18,13:51,AF,26.9,61,CF,434.29,1,1,0,EHP,,1,4.64,8.06,2,17.77
2.4,7/27/18,14:48,AF,26.4,59,C,428.32,1,1,0,EHP,,1,N/A,9.55,2.03,17.83
2.4,7/30/18,12:02 PM,AF,26.8,63,C,433.13,1,1,0,EHP,,1,N/A,10.83,2,17.36
2.4,8/2/18,2:25 PM,AF,26.6,63,C,434.42,2,2,0,EHP,,2,4.02,7.24,2,16.98
2.4,8/5/18,9:59 AM,AF,26.6,64,C,431.32,0,0,1,EHP,1,,N/A,10.1,1.99,17.8
2.1,6/21/18,1:38 PM,AF,26.5,61,C,431.39,0,0,1,EHP,1,,N/A,x,2.0175,17.975
2.1,6/24/18,1:30 PM,AF,26.6,63,C,434.51,0,0,1,EHP,1,,N/A,6.09,2.0019,17.9212
2.1,6/27/18,3:25 PM,AF,26.6,58,CF,435.21,0,0,0,EH,,,5.98,12.74,1.9892,17.271
2.1,6/30/18,3:45 PM,AF,26.2,56,C,431.64,0,0,0,EHP,,,N/A,11.93,2.0051,16.386
2.1,7/3/18,5:45 PM,AF,26.1,62,CF,434.26,2,2,0,EHP,,,N/A,9.95,1.9807,18.0548
2.1,7/6/18,5:37 PM,AF,26.1,60,C,436.68,2,0,0,EHP,,,4.32,11.16,2.0014,16.3768
2.1,7/9/18,2:13 PM,AF,26.5,62,C,431.62,2,0,0,EHP,,,N/A,10.04,2.0146,17.6023
2.1,7/12/18,2:38 PM,AF,26.5,59,C,433.8,2,0,1,EHP,1,2,N/A,10.45,2.0108,17.4766
2.1,7/15/18,2:00 PM,AF,26.4,63,C,436.58,0,0,0,EHP,,,3.62,10.5,2.0033,17.2021
2.1,7/18/18,11:59 AM,AF,26.3,59,C,433.33,0,0,0,EHP,,,N/A,10.01,1.98919,18.1743
2.1,7/21/18,2:18 PM,AF,26.8,61,C,434.96,0,0,0,EHP,,,N/A,8.17,2.01,19.06
2.1,7/24/18,12.10 PM,AF,26.5,62,C,433.66,5,5,0,EHP,,5,5.02,12.65,2.02,18.33
2.1,7/27/18,1:57 PM,AF,26.7,64,C,433.5,3,3,0,EH,,3,N/A,9.52,2.02,17.51
2.1,7/30/18,10:45 AM,AF,26.3,64,C,434.44,0,0,0,EH,,,N/A,13.37,2,18.25
2.1,8/2/18,1:10 PM,AF,26.3,62,C,436.69,0,0,0,EHP,,,4.18,8.42,2,18.38
2.1,8/5/18,9:19 AM,AF,25.9,60,C,434.24,0,0,0,EHP,,,N/A,13.17,2,17.65
3.1,6/21/18,2:45 PM,AF,26.6,58,C,425.35,0,0,0,E,,,N/A,,1.0021,13.016
3.1,6/24/18,2:41 PM,AF,26.9,61,CF,426.96,0,0,0,EH,,,N/A,7.15,0.9674,14.5556
3.1,6/27/18,4:31 PM,AF,26.9,62,CF,427.02,0,0,0,EHP,,,2.84,6.98,0.9983,15.2287
3.1,6/30/18,4:24 PM,AF,26.6,62,C,425.29,0,0,0,EHP,,,N/A,6.27,3.9177,25.6156
3.1,7/3/18,6:50 PM,AF,26.3,61,C,429.31,0,0,0,EHP,,,N/A,16.85,3.863,24.7499
3.1,7/6/18,6:38 PM,AF,26.2,58,C,433.89,3,3,0,EHP,,,7.2,15.68,3.9079,25.2749
3.1,7/9/18,2:58 PM,AF,26.5,60,C,429.57,7,4,0,EHP,,,N/A,15.54,0.9824,13.9988
3.1,7/12/18,5:19 PM,AF,26.6,59,C,429.76,9,2,0,EHP,,9,N/A,8.81,1.0196,13.9003
3.1,7/15/18,3:07 PM,AF,26.4,58,C,428.31,2,2,0,EHP,,2,3.87,7.48,0.9669,13.3268
3.1,7/18/18,12:53 PM,AF,26.4,59,C,426.27,2,2,0,EHP,,2,N/A,10.6,0.9909,16.0764
3.1,7/21/18,4:05 PM,JH,26.6,71,CL,426.59,0,0,0,,,,N/A,7.6,3.87,25.66
3.1,7/24/18,2:03 PM,AF,26.9,60,C,430.64,1,1,0,EHP,,1,4.1,17.38,3.9,27.1
3.1,7/27/18,2:55 PM,AF,26.6,61,C,430.76,0,0,0,EHP,,,N/A,18.43,3.92,25.79
3.1,7/30/18,2:10 PM,AF,26.8,62,C,433.46,0,0,0,EHP,,,N/A,21.09,1,16.37
3.1,8/2/18,2:42 PM,AF,26.6,60,CL,433.77,0,0,0,EHP,,,6.76,7.79,1,13.81
3.1,8/5/18,10:04 AM,AF,26.6,64,C,426.84,0,0,0,EHP,,,N/A,7.61,1,13.79
1.6,6/21/18,2:48 PM,AF,26.6,58,CF,425.93,0,0,1,EH,,1,N/A,x,1.0134,13.6101
1.6,6/24/18,2:45 PM,AF,26.5,52,C,426.58,0,0,0,EH,,,N/A,6.27,0.9973,14.2005
1.6,6/27/18,4:36 PM,AF,27.1,64,CF,427.51,0,0,0,EHP,,,1.27,6.42,0.9675,14.0879
1.6,6/30/18,4:26 PM,AF,26.6,62,CF,427.15,0,0,0,EHP,,,N/A,6.75,0.9886,12.3652
1.6,7/4/18,6:53 PM,AF,26.3,61,C,427.29,0,0,0,EHP,,,N/A,7.07,1.017,14.3581
1.6,7/6/18,6:30 PM,AF,26.2,60,CF,423.27,0,0,0,EHP,,,1.33,7.53,0.9631,14.3293
1.6,7/9/18,3:01 PM,AF,26.5,60,CLF,425.53,3,3,0,EHP,,,N/A,7.56,0.9889,15.7206
1.6,7/12/18,5:28 PM,AF,26.6,59,CLF,426.51,9,6,0,EHP,,9,N/A,9.46,1.0185,13.8276
1.6,7/15/18,3:15 PM,AF,26.4,61,C,426.35,4,4,0,EHP,,4,1.4,8.21,1.0436,14.1302
1.6,7/18/18,1:33 PM,AF,26.2,60,C,427.31,3,3,0,EP,,3,N/A,9.81,1.0251,14.337
1.6,7/21/18,4:08 PM,JH,26.6,71,CL,426.18,0,0,0,E,,,N/A,7.63,1.01,12.96
1.6,7/24/18,2:09 PM,AF,26.8,58,L,427.09,0,0,0,EHP,,,2.02,7.88,0.98,14.91
1.6,7/27/18,2:57 PM,AF,26.7,62,L,426.15,0,0,0,EH,,,N/A,7.91,1.02,13.56
1.6,7/30/18,12:12 PM,AF,26.8,62,C,426.35,0,0,0,EHP,,,N/A,10.75,1.02,13.87
1.6,8/2/18,2:46 PM,AF,26.6,58,CLF,427.45,0,0,0,EP,,,2.37,8.07,1,13.29
1.6,8/5/18,10:06 AM,AF,26.6,63,C,424.88,0,0,1,EP,1,,N/A,10.76,1.02,13.88