rep,id,date,it.distance,notes,trt_pulse,trt_total
1,2.1,2018-05-25,3.604,NA,constant,100
1,2.1,2018-05-25,2.858,NA,constant,100
1,2.1,2018-05-25,2.978,NA,constant,100
1,2.1,2018-05-25,2.855,NA,constant,100
1,2.1,2018-05-25,2.942,NA,constant,100
1,2.1,2018-05-25,0.319,NA,constant,100
1,2.1,2018-05-25,2.948,NA,constant,100
1,4.1,2018-05-25,3.785,NA,pulse,60
1,4.1,2018-05-25,3.387,NA,pulse,60
1,4.1,2018-05-25,2.73,NA,pulse,60
1,4.1,2018-05-25,3.034,NA,pulse,60
1,3.2,2018-05-25,2.318,NA,pulse,100
1,3.2,2018-05-25,2.315,NA,pulse,100
1,3.2,2018-05-25,2.351,NA,pulse,100
1,3.2,2018-05-25,2.851,NA,pulse,100
1,3.2,2018-05-25,2.645,NA,pulse,100
1,3.2,2018-05-25,2.761,NA,pulse,100
1,3.2,2018-05-25,2.665,NA,pulse,100
1,3.2,2018-05-25,2.333,NA,pulse,100
1,3.2,2018-05-25,2.821,NA,pulse,100
1,3.2,2018-05-25,2.605,NA,pulse,100
1,4.6,2018-05-25,3.075,NA,pulse,60
1,4.6,2018-05-25,2.617,NA,pulse,60
1,4.6,2018-05-25,2.98,NA,pulse,60
1,4.6,2018-05-25,2.676,NA,pulse,60
1,4.6,2018-05-25,2.76,NA,pulse,60
1,4.6,2018-05-25,2.987,NA,pulse,60
1,4.6,2018-05-25,2.864,NA,pulse,60
1,2.3,2018-05-25,2.83,NA,constant,100
1,2.3,2018-05-25,2.576,NA,constant,100
1,2.3,2018-05-25,3.203,NA,constant,100
1,2.3,2018-05-25,2.946,NA,constant,100
1,2.3,2018-05-25,2.579,NA,constant,100
1,2.3,2018-05-25,3.366,NA,constant,100
1,2.3,2018-05-25,2.546,NA,constant,100
1,2.3,2018-05-25,3.058,NA,constant,100
1,2.3,2018-05-25,2.679,NA,constant,100
1,2.3,2018-05-25,2.673,NA,constant,100
1,3.1,2018-05-25,2.25,NA,pulse,100
1,3.1,2018-05-25,2.766,NA,pulse,100
1,3.1,2018-05-25,2.83,NA,pulse,100
1,3.1,2018-05-25,2.914,NA,pulse,100
1,3.1,2018-05-25,2.814,NA,pulse,100
1,3.1,2018-05-25,2.64,NA,pulse,100
1,1.2,2018-06-04,2.797,NA,constant,60
1,1.2,2018-06-04,2.986,NA,constant,60
1,2.6,2018-06-04,2.338,NA,constant,100
1,2.6,2018-06-04,2.664,NA,constant,100
1,2.6,2018-06-04,2.576,NA,constant,100
1,2.6,2018-06-04,2.709,NA,constant,100
1,2.6,2018-06-04,2.579,NA,constant,100
1,2.6,2018-06-04,2.58,NA,constant,100
1,1.6,2018-05-25,2.425,NA,constant,60
1,1.6,2018-05-25,2.951,NA,constant,60
1,1.6,2018-05-25,2.782,NA,constant,60
1,1.6,2018-05-25,2.885,NA,constant,60
1,3.7,2018-05-25,2.762,NA,pulse,100
1,2.4,2018-05-24,3.535,NA,constant,100
1,2.4,2018-05-24,2.862,NA,constant,100
1,2.7,2018-05-24,3.068,NA,constant,100
1,2.7,2018-05-24,3.414,NA,constant,100
1,2.7,2018-05-24,3.098,NA,constant,100
1,2.7,2018-05-24,2.684,NA,constant,100
1,2.7,2018-05-24,2.972,NA,constant,100
1,2.7,2018-05-24,3.064,NA,constant,100
1,2.7,2018-05-24,3.152,NA,constant,100
1,2.7,2018-05-24,3.008,NA,constant,100
1,2.7,2018-05-24,2.728,NA,constant,100
1,1.7,2018-05-25,2.58,NA,constant,60
1,1.7,2018-05-25,2.873,NA,constant,60
1,2.2,2018-05-25,2.863,NA,constant,100
1,2.2,2018-05-25,2.402,NA,constant,100
1,2.2,2018-05-25,2.753,NA,constant,100
1,2.2,2018-05-25,2.587,NA,constant,100
1,2.2,2018-05-25,2.154,NA,constant,100
1,2.2,2018-05-25,2.271,NA,constant,100
1,2.2,2018-05-25,2.652,NA,constant,100
1,2.5,2018-05-25,3.026,NA,constant,100
1,2.5,2018-05-25,2.795,NA,constant,100
1,3.3,2018-05-25,2.48,NA,pulse,100
1,4.7,2018-05-25,2.514,NA,pulse,60
1,4.7,2018-05-25,2.517,NA,pulse,60
1,4.7,2018-05-25,2.785,NA,pulse,60
1,4.7,2018-05-25,2.894,NA,pulse,60
1,1.5,2018-05-24,2.755,NA,constant,60
1,3.6,2018-05-24,2.552,NA,pulse,100
1,3.6,2018-05-24,2.963,NA,pulse,100
1,3.6,2018-05-24,2.906,NA,pulse,100
1,3.5,2018-05-24,2.698,NA,pulse,100
1,3.5,2018-05-24,2.929,NA,pulse,100
1,3.5,2018-05-24,2.779,NA,pulse,100
1,3.5,2018-05-24,2.891,NA,pulse,100
1,3.1,2018-05-24,2.87,NA,pulse,100
1,3.1,2018-05-24,3.047,NA,pulse,100
1,3.1,2018-05-24,2.809,NA,pulse,100
1,3.1,2018-05-24,2.935,NA,pulse,100
1,3.1,2018-05-24,2.629,NA,pulse,100
1,3.1,2018-05-24,2.565,NA,pulse,100
1,3.1,2018-05-24,2.763,NA,pulse,100
1,3.1,2018-05-24,2.934,NA,pulse,100
1,3.1,2018-05-24,2.738,NA,pulse,100
1,3.1,2018-05-24,2.688,NA,pulse,100
1,3.1,2018-05-24,2.935,NA,pulse,100
1,4.2,2018-05-24,2.514,NA,pulse,60
1,4.2,2018-05-24,3.028,NA,pulse,60
1,4.2,2018-05-24,2.979,NA,pulse,60
1,4.2,2018-05-24,2.941,NA,pulse,60
1,4.2,2018-05-24,2.319,NA,pulse,60
1,4.4,2018-05-24,2.44,NA,pulse,60
1,4.4,2018-05-24,2.422,NA,pulse,60
1,4.4,2018-05-24,2.532,NA,pulse,60
1,4.4,2018-05-24,3.045,NA,pulse,60
1,4.4,2018-05-24,3.183,NA,pulse,60
1,4.4,2018-05-24,2.487,NA,pulse,60
1,4.4,2018-05-24,2.083,NA,pulse,60
1,4.4,2018-05-24,2.483,NA,pulse,60
1,4.4,2018-05-24,2.63,NA,pulse,60
1,4.4,2018-05-24,2.805,NA,pulse,60
1,2.7,2018-05-24,2.415,NA,constant,100
1,2.7,2018-05-24,3.11,NA,constant,100
1,2.7,2018-05-24,2.679,NA,constant,100
1,2.6,2018-04-01,2.514,NA,constant,100
1,2.6,2018-04-01,2.805,NA,constant,100
1,1.7,2018-04-07,2.771,NA,constant,60
1,4.2,2018-03-29,3.428,NA,pulse,60
1,4.2,2018-03-29,2.884,NA,pulse,60
1,4.7,2018-03-29,3.249,NA,pulse,60
1,2.5,2018-04-05,2.298,NA,constant,100
1,2.5,2018-04-05,3.423,NA,constant,100
1,2.5,2018-04-05,3.376,NA,constant,100
1,4.7,2018-04-13,2.867,NA,pulse,60
1,4.7,2018-04-13,2.936,NA,pulse,60
1,4.7,2018-04-13,2.555,NA,pulse,60
1,4.7,2018-04-13,2.359,NA,pulse,60
1,3.6,2018-05-07,2.879,NA,pulse,100
1,3.6,2018-05-07,2.108,NA,pulse,100
1,3.6,2018-05-07,2.938,NA,pulse,100
1,3.6,2018-05-07,2.836,NA,pulse,100
1,3.1,2018-05-07,2.791,NA,pulse,100
1,3.1,2018-05-07,3.295,NA,pulse,100
1,3.1,2018-05-07,2.74,NA,pulse,100
1,3.3,2018-04-05,3.567,NA,pulse,100
1,1.6,2018-05-07,2.722,NA,constant,60
1,1.7,2018-04-05,3.278,NA,constant,60
1,1.7,2018-04-05,3.025,NA,constant,60
1,1.7,2018-04-05,3.14,NA,constant,60
1,1.7,2018-04-05,3.129,NA,constant,60
1,1.7,2018-04-05,3.677,NA,constant,60
1,1.2,2018-04-05,3.513,NA,constant,60
1,1.2,2018-04-05,3.068,NA,constant,60
1,1.2,2018-04-05,2.833,NA,constant,60
1,2.3,2018-04-05,3.104,NA,constant,100
1,2.3,2018-04-05,2.933,NA,constant,100
1,2.3,2018-04-05,3.584,NA,constant,100
1,2.3,2018-04-05,3.103,NA,constant,100
1,2.3,2018-04-05,3.083,NA,constant,100
1,3.7,2018-04-20,2.774,NA,pulse,100
1,3.7,2018-04-20,2.896,NA,pulse,100
1,3.7,2018-04-20,3.728,NA,pulse,100
1,4.6,2018-04-16,2.916,NA,pulse,60
1,4.6,2018-04-16,2.754,NA,pulse,60
1,1.6,2018-04-05,2.513,NA,constant,60
1,1.6,2018-04-05,2.83,NA,constant,60
1,1.6,2018-04-05,3.182,NA,constant,60
1,1.6,2018-04-05,2.678,NA,constant,60
1,3.3,2018-05-14,2.547,NA,pulse,100
1,2.2,2018-05-04,2.875,NA,constant,100
1,2.2,2018-05-04,3.099,NA,constant,100
1,2.2,2018-05-04,2.995,NA,constant,100
1,2.2,2018-05-04,3.284,NA,constant,100
1,1.3,2018-04-01,3.478,NA,constant,60
1,1.3,2018-04-01,3.157,NA,constant,60
1,2.2,2018-04-16,3.185,NA,constant,100
1,2.2,2018-04-16,2.235,NA,constant,100
1,2.2,2018-04-01,2.749,NA,constant,100
1,2.2,2018-04-01,3.231,NA,constant,100
1,3.2,2018-03-29,2.498,NA,pulse,100
1,3.2,2018-03-29,2.989,NA,pulse,100
1,3.2,2018-03-29,2.18,NA,pulse,100
1,1.5,2018-04-01,2.555,NA,constant,60
1,1.5,2018-04-01,3.191,NA,constant,60
1,1.6,2018-01-04,2.918,NA,constant,60
1,1.6,2018-01-04,2.971,NA,constant,60
1,1.6,2018-01-04,2.987,NA,constant,60
1,1.6,2018-01-04,3.414,NA,constant,60
1,4.1,2018-05-14,2.528,NA,pulse,60
1,4.1,2018-05-14,3.285,NA,pulse,60
1,4.1,2018-05-14,2.83,NA,pulse,60
1,4.6,2018-04-13,2.989,NA,pulse,60
1,4.6,2018-04-13,2.29,NA,pulse,60
1,4.6,2018-04-13,2.852,NA,pulse,60
1,4.6,2018-04-13,2.896,NA,pulse,60
1,2.2,2018-04-13,3.345,NA,constant,100
1,2.2,2018-04-13,3.271,NA,constant,100
1,2.2,2018-04-13,3.285,NA,constant,100
1,2.2,2018-04-13,3.309,NA,constant,100
1,3.2,2018-05-07,2.641,NA,pulse,100
1,3.2,2018-05-07,3.078,NA,pulse,100
1,3.2,2018-05-07,2.951,NA,pulse,100
1,3.7,2018-04-16,3.1,NA,pulse,100
1,3.7,2018-04-16,2.945,NA,pulse,100
1,3.7,2018-04-16,3.397,NA,pulse,100
1,2.1,2018-05-07,3.303,NA,constant,100
1,2.1,2018-05-07,3.453,NA,constant,100
1,2.4,2018-03-29,3.389,NA,constant,100
1,2.4,2018-03-29,3.08,NA,constant,100
1,2.3,2018-05-14,3.241,NA,constant,100
1,2.3,2018-05-14,3.166,NA,constant,100
1,2.3,2018-05-14,3.263,NA,constant,100
1,2.3,2018-05-14,3.451,NA,constant,100
1,2.3,2018-05-14,3.488,NA,constant,100
1,2.5,2018-04-01,2.886,NA,constant,100
1,2.1,2018-05-07,2.758,NA,constant,100
1,2.1,2018-05-07,2.562,NA,constant,100
1,2.1,2018-05-07,3.515,NA,constant,100
1,1.5,2018-05-07,3.128,NA,constant,60
1,1.5,2018-05-07,3.308,NA,constant,60
1,1.5,2018-05-07,3.38,NA,constant,60
1,3.3,2018-04-16,3.826,NA,pulse,100
1,3.3,2018-04-16,3.261,NA,pulse,100
1,2.6,2018-05-07,2.993,NA,constant,100
1,2.6,2018-05-07,3.196,NA,constant,100
1,2.6,2018-05-07,2.53,NA,constant,100
1,4.1,2018-04-16,2.546,NA,pulse,60
1,4.1,2018-04-16,3.081,NA,pulse,60
1,4.1,2018-04-16,2.562,NA,pulse,60
1,4.1,2018-04-16,2.419,NA,pulse,60
1,4.1,2018-04-16,3.245,NA,pulse,60
1,4.1,2018-04-13,2.24,NA,pulse,60
1,1.3,2018-05-07,2.912,NA,constant,60
1,1.3,2018-05-07,2.768,NA,constant,60
1,1.3,2018-05-07,3,NA,constant,60
1,1.7,2018-04-01,2.901,NA,constant,60
1,1.7,2018-04-01,2.845,NA,constant,60
1,1.7,2018-04-01,2.825,NA,constant,60
1,1.7,2018-04-01,3.228,NA,constant,60
1,1.7,2018-04-01,3.126,NA,constant,60
1,1.5,2018-03-29,3.301,NA,constant,60
1,1.5,2018-03-29,2.979,NA,constant,60
1,1.5,2018-03-29,3.286,NA,constant,60
1,2.2,2018-04-13,3.238,NA,constant,100
1,2.2,2018-04-13,3.239,NA,constant,100
1,2.2,2018-04-13,3.212,NA,constant,100
1,1.2,2018-04-01,3.231,NA,constant,60
1,3.7,2018-04-01,2.984,NA,pulse,100
1,3.7,2018-04-01,3.485,NA,pulse,100
1,3.7,2018-04-01,3.444,NA,pulse,100
1,3.3,2018-05-07,2.895,NA,pulse,100
1,3.3,2018-05-07,2.753,NA,pulse,100
1,4.7,2018-05-07,2.963,NA,pulse,60
1,4.7,2018-05-07,3.022,NA,pulse,60
1,4.7,2018-05-07,2.938,NA,pulse,60
1,4.7,2018-05-07,3.032,NA,pulse,60
1,2.5,2018-04-13,3.528,NA,constant,100
1,2.5,2018-04-13,3.464,NA,constant,100
1,2.5,2018-04-13,3.12,NA,constant,100
1,2.5,2018-04-13,3.195,NA,constant,100
1,2.5,2018-04-16,3.224,NA,constant,100
1,2.5,2018-04-16,3.1,NA,constant,100
1,2.5,2018-04-16,3.416,NA,constant,100
1,2.5,2018-04-16,3.602,NA,constant,100
1,2.6,2018-03-29,2.64,NA,constant,100
1,2.6,2018-03-29,3,NA,constant,100
1,2.6,2018-03-29,3.565,NA,constant,100
1,2.6,2018-04-16,2.451,NA,constant,100
1,2.6,2018-04-16,2.827,NA,constant,100
1,2.6,2018-04-16,1.997,NA,constant,100
1,2.6,2018-04-16,3.465,NA,constant,100
1,2.6,2018-04-16,3.25,NA,constant,100
1,2.4,2018-04-13,3.176,NA,constant,100
1,2.4,2018-04-13,3.083,NA,constant,100
1,4.2,2018-03-07,3.012,NA,pulse,60
1,4.2,2018-03-07,2.832,NA,pulse,60
1,2.2,2018-05-07,3.076,NA,constant,100
1,2.2,2018-05-07,3.329,NA,constant,100
1,2.2,2018-05-07,3.129,NA,constant,100
1,4.4,2018-04-13,3.685,NA,pulse,60
1,3.4,2018-03-26,3.154,NA,pulse,100
1,3.4,2018-03-26,3.419,NA,pulse,100
1,3.5,2018-07-07,3.328,NA,pulse,100
1,3.5,2018-07-07,2.602,NA,pulse,100
1,3.5,2018-07-07,2.638,NA,pulse,100
1,3.5,2018-07-07,3.21,NA,pulse,100
1,3.5,2018-07-07,3.691,NA,pulse,100
1,4.1,2018-03-26,3.747,NA,pulse,60
1,4.1,2018-03-29,2.937,NA,pulse,60
1,4.1,2018-03-29,3.733,NA,pulse,60
1,4.1,2018-03-29,3.212,NA,pulse,60
1,2.2,2018-03-29,2.853,NA,constant,100
1,2.2,2018-03-29,3.689,NA,constant,100
1,2.2,2018-03-29,3.853,NA,constant,100
1,2.2,2018-03-29,2.45,NA,constant,100
1,3.4,2018-06-07,3.045,NA,pulse,100
1,3.4,2018-06-07,3.008,NA,pulse,100
1,3.4,2018-06-07,2.601,NA,pulse,100
1,3.4,2018-06-07,3.03,NA,pulse,100
1,2.3,2018-05-07,3.13,NA,constant,100
1,2.3,2018-05-07,3.247,NA,constant,100
1,3.5,2018-03-26,3.167,NA,pulse,100
1,3.5,2018-03-26,3.111,NA,pulse,100
1,2.7,2018-04-13,2.974,NA,constant,100
1,2.7,2018-04-13,3.147,NA,constant,100
1,4.2,2018-04-09,3.25,NA,pulse,60
1,4.2,2018-04-09,3.249,NA,pulse,60
1,3.1,2018-04-13,2.953,NA,pulse,100
1,3.1,2018-04-13,3.416,NA,pulse,100
1,1.3,2018-04-13,2.839,NA,constant,60
1,1.5,2018-04-13,2.803,NA,constant,60
1,1.6,2018-04-09,2.979,NA,constant,60
1,1.6,2018-04-09,3.13,NA,constant,60
1,1.6,2018-04-09,2.416,NA,constant,60
1,1.6,2018-04-09,3.217,NA,constant,60
1,1.6,2018-04-09,3.389,NA,constant,60
1,3.3,2018-04-13,2.92,NA,pulse,100
1,3.3,2018-04-13,3.373,NA,pulse,100
1,2.5,2018-04-23,2.983,NA,constant,100
1,3.5,2018-04-09,2.966,NA,pulse,100
1,3.5,2018-04-09,3.654,NA,pulse,100
1,3.5,2018-04-09,3.058,NA,pulse,100
1,3.5,2018-04-13,3.445,NA,pulse,100
1,2.3,2018-04-13,3.304,NA,constant,100
1,2.3,2018-04-13,3.753,NA,constant,100
1,2.3,2018-04-13,2.565,NA,constant,100
1,2.3,2018-04-13,3.449,NA,constant,100
1,2.3,2018-04-13,2.663,NA,constant,100
1,2.3,2018-04-13,3.344,NA,constant,100
1,2.3,2018-04-13,3.078,NA,constant,100
1,3.4,2018-04-09,3.302,NA,pulse,100
1,3.4,2018-04-09,3.124,NA,pulse,100
1,3.4,2018-04-09,3.815,NA,pulse,100
1,3.4,2018-04-09,2.862,NA,pulse,100
1,2.3,2018-04-09,3.258,NA,constant,100
1,1.7,2018-04-16,2.748,NA,constant,60
1,1.7,2018-04-16,2.847,NA,constant,60
1,1.7,2018-04-16,2.679,NA,constant,60
1,1.7,2018-04-16,2.861,NA,constant,60
1,1.5,2018-04-09,2.748,NA,constant,60
1,1.5,2018-04-09,2.926,NA,constant,60
1,1.5,2018-04-09,3.023,NA,constant,60
1,3.6,2018-04-16,3.387,NA,pulse,100
1,3.6,2018-04-16,3.221,NA,pulse,100
1,3.6,2018-04-16,2.432,NA,pulse,100
1,3.2,2018-04-09,3.209,NA,pulse,100
1,3.2,2018-04-09,2.51,NA,pulse,100
1,3.2,2018-04-09,2.606,NA,pulse,100
1,3.2,2018-04-09,2.716,NA,pulse,100
1,3.2,2018-04-09,2.549,NA,pulse,100
1,3.4,2018-04-13,3.112,NA,pulse,100
1,3.4,2018-04-13,2.667,NA,pulse,100
1,1.7,2018-04-13,2.98,NA,constant,60
1,1.7,2018-04-13,3.478,NA,constant,60
1,1.7,2018-04-13,3.241,NA,constant,60
1,1.7,2018-04-13,2.509,NA,constant,60
1,2.4,2018-04-05,3.138,NA,constant,100
1,2.4,2018-04-05,3.749,NA,constant,100
1,2.4,2018-04-05,2.795,NA,constant,100
1,2.4,2018-04-05,3.139,NA,constant,100
1,2.7,2018-04-09,3.149,NA,constant,100
1,2.7,2018-04-09,2.785,NA,constant,100
1,2.7,2018-04-09,2.657,NA,constant,100
1,2.7,2018-04-09,2.575,NA,constant,100
1,3.1,2018-04-05,2.588,NA,pulse,100
1,3.1,2018-04-05,3.694,NA,pulse,100
1,3.1,2018-04-05,3.062,NA,pulse,100
1,3.1,2018-04-05,3.606,NA,pulse,100
1,3.1,2018-04-05,2.867,NA,pulse,100
1,3.4,2018-04-05,3.227,NA,pulse,100
1,3.4,2018-04-05,3.204,NA,pulse,100
1,3.4,2018-04-05,2.602,NA,pulse,100
1,2.4,2018-04-09,2.626,NA,constant,100
1,2.4,2018-04-09,2.964,NA,constant,100
1,2.4,2018-04-09,3.04,NA,constant,100
1,2.4,2018-04-09,3.187,NA,constant,100
1,3.6,2018-04-09,3.269,NA,pulse,100
1,3.6,2018-04-09,2.588,NA,pulse,100
1,3.6,2018-04-09,2.649,NA,pulse,100
1,3.6,2018-04-09,3.362,NA,pulse,100
1,3.6,2018-04-09,3.43,NA,pulse,100
1,2.3,2018-04-09,3.039,NA,constant,100
1,2.3,2018-04-09,2.926,NA,constant,100
1,2.3,2018-04-09,2.9,NA,constant,100
1,2.3,2018-04-09,2.868,NA,constant,100
1,2.3,2018-04-09,2.805,NA,constant,100
1,1.3,2018-04-16,2.405,NA,constant,60
1,1.3,2018-04-16,2.912,NA,constant,60
1,4.7,2018-04-16,3.108,NA,pulse,60
1,2.2,2018-04-20,2.54,NA,constant,100
1,4.2,2018-04-16,2.997,NA,pulse,60
1,3.2,2018-04-05,2.916,NA,pulse,100
1,3.2,2018-04-05,2.479,NA,pulse,100
1,3.2,2018-04-05,3.191,NA,pulse,100
1,2.5,2018-04-20,2.773,NA,constant,100
1,2.5,2018-04-20,3.264,NA,constant,100
1,4.6,2018-04-20,3.149,NA,pulse,60
1,4.6,2018-04-20,2.474,NA,pulse,60
1,4.6,2018-04-20,3.15,NA,pulse,60
1,4.6,2018-04-20,2.987,NA,pulse,60
1,1.2,2018-04-13,2.996,NA,constant,60
1,1.2,2018-04-13,3.108,NA,constant,60
1,1.2,2018-04-13,3.231,NA,constant,60
1,1.2,2018-04-13,3.355,NA,constant,60
1,1.2,2018-04-13,3.265,NA,constant,60
1,1.5,2018-04-05,2.67,NA,constant,60
1,1.5,2018-04-05,2.914,NA,constant,60
1,1.5,2018-04-05,2.3,NA,constant,60
1,1.5,2018-04-05,3.133,NA,constant,60
1,1.5,2018-04-05,2.348,NA,constant,60
1,3.6,2018-04-20,2.264,NA,pulse,100
1,3.2,2018-04-13,2.911,NA,pulse,100
1,2.3,2018-04-20,2.722,NA,constant,100
1,2.3,2018-04-20,3.332,NA,constant,100
1,1.3,2018-04-20,2.849,NA,constant,60
1,2.6,2018-04-20,3.191,NA,constant,100
1,2.6,2018-04-20,3.319,NA,constant,100
1,2.6,2018-04-20,2.912,NA,constant,100
1,3.7,2018-04-13,3.245,NA,pulse,100
1,3.3,2018-04-20,3.366,NA,pulse,100
1,3.3,2018-04-20,3.264,NA,pulse,100
1,3.3,2018-04-20,2.994,NA,pulse,100
1,2.6,2018-04-20,3.009,NA,constant,100
1,2.6,2018-04-20,3.302,NA,constant,100
1,2.6,2018-04-20,2.799,NA,constant,100
1,3.2,2018-04-16,2.825,NA,pulse,100
1,3.2,2018-04-16,2.843,NA,pulse,100
1,3.2,2018-04-16,2.881,NA,pulse,100
1,3.2,2018-04-16,3.029,NA,pulse,100
1,3.2,2018-04-16,2.93,NA,pulse,100
1,4.4,2018-04-20,3.13,NA,pulse,60
1,4.4,2018-04-20,2.994,NA,pulse,60
1,4.4,2018-04-20,2.95,NA,pulse,60
1,4.4,2018-04-20,2.92,NA,pulse,60
1,4.4,2018-04-20,2.801,NA,pulse,60
1,3.6,2018-04-05,2.766,NA,pulse,100
1,3.6,2018-04-05,3.118,NA,pulse,100
1,3.6,2018-04-05,3.134,NA,pulse,100
1,3.6,2018-04-05,2.89,NA,pulse,100
1,3.6,2018-04-05,2.863,NA,pulse,100
1,4.4,2018-04-05,3.355,NA,pulse,60
1,4.4,2018-04-05,3.278,NA,pulse,60
1,4.2,2018-04-05,3.035,NA,pulse,60
1,4.2,2018-04-05,3.23,NA,pulse,60
1,4.2,2018-04-05,2.819,NA,pulse,60
1,4.2,2018-04-05,3.172,NA,pulse,60
1,2.7,2018-04-20,2.545,NA,constant,100
1,2.7,2018-04-20,2.882,NA,constant,100
1,2.7,2018-04-20,2.896,NA,constant,100
1,1.7,2018-04-20,2.57,NA,constant,60
1,1.7,2018-04-20,2.306,NA,constant,60
1,2.7,2018-04-16,2.946,NA,constant,100
1,2.7,2018-04-16,3.128,NA,constant,100
1,2.7,2018-04-16,2.624,NA,constant,100
1,2.7,2018-04-16,2.657,NA,constant,100
1,2.7,2018-04-16,2.892,NA,constant,100
1,2.1,2018-04-20,2.083,NA,constant,100
1,2.1,2018-04-20,2.964,NA,constant,100
1,2.1,2018-04-20,2.83,NA,constant,100
1,2.6,2018-04-05,3.239,NA,constant,100
1,2.6,2018-04-05,3.13,NA,constant,100
1,2.2,2018-04-05,2.964,NA,constant,100
1,2.2,2018-04-05,2.772,NA,constant,100
1,2.2,2018-04-05,3.222,NA,constant,100
1,3.1,2018-04-20,3.137,NA,pulse,100
1,3.1,2018-04-20,3.327,NA,pulse,100
1,3.1,2018-04-20,3.019,NA,pulse,100
1,3.1,2018-04-20,3.169,NA,pulse,100
1,3.1,2018-04-20,3.073,NA,pulse,100
1,2.1,2018-04-05,3.481,NA,constant,100
1,2.1,2018-04-05,3.045,NA,constant,100
1,4.6,2018-04-09,2.691,NA,pulse,60
1,4.6,2018-04-09,2.631,NA,pulse,60
1,4.6,2018-04-09,2.832,NA,pulse,60
1,4.6,2018-04-09,2.84,NA,pulse,60
1,1.3,2018-04-05,2.7,NA,constant,60
1,1.3,2018-04-05,3.53,NA,constant,60
1,1.3,2018-04-05,3.057,NA,constant,60
1,1.3,2018-04-05,2.946,NA,constant,60
1,4.1,2018-04-01,1.977,NA,pulse,60
1,4.1,2018-04-01,3.162,NA,pulse,60
1,4.1,2018-04-01,2.599,NA,pulse,60
1,1.7,2018-04-09,2.232,NA,constant,60
1,1.7,2018-04-09,2.684,NA,constant,60
1,2.2,2018-04-09,3.594,NA,constant,100
1,2.2,2018-04-09,3.288,NA,constant,100
1,2.2,2018-04-09,3.49,NA,constant,100
1,2.2,2018-04-09,2.817,NA,constant,100
1,2.2,2018-04-09,2.383,NA,constant,100
1,2.2,2018-04-09,3.364,NA,constant,100
1,4.6,2018-04-09,2.597,NA,pulse,60
1,4.6,2018-04-09,3.348,NA,pulse,60
1,2.6,2018-04-09,2.801,NA,constant,100
1,3.2,2018-03-26,2.764,NA,pulse,100
1,3.2,2018-03-26,3.097,NA,pulse,100
1,2.1,2018-04-09,3.502,NA,constant,100
1,2.1,2018-04-09,2.672,NA,constant,100
1,2.1,2018-04-09,2.85,NA,constant,100
1,2.1,2018-04-09,2.855,NA,constant,100
1,3.3,2018-05-02,2.414,NA,pulse,100
1,3.3,2018-05-02,2.707,NA,pulse,100
1,3.3,2018-05-02,2.668,NA,pulse,100
1,3.3,2018-05-02,2.841,NA,pulse,100
1,2.2,2018-05-02,2.84,NA,constant,100
1,2.2,2018-05-02,3.414,NA,constant,100
1,2.2,2018-05-02,3.054,NA,constant,100
1,2.2,2018-05-02,3.636,NA,constant,100
1,3.4,2018-04-24,2.867,NA,pulse,100
1,2.6,2018-03-26,3.152,NA,constant,100
1,2.6,2018-03-26,2.725,NA,constant,100
1,2.6,2018-03-26,2.762,NA,constant,100
1,2.6,2018-03-26,2.938,NA,constant,100
1,2.6,2018-03-26,2.761,NA,constant,100
1,2.5,2018-04-24,2.415,NA,constant,100
1,2.5,2018-04-24,2.688,NA,constant,100
1,2.5,2018-04-24,2.394,NA,constant,100
1,4.6,2018-04-24,2.71,NA,pulse,60
1,4.6,2018-04-24,2.852,NA,pulse,60
1,4.6,2018-04-24,2.295,NA,pulse,60
1,3.5,2018-04-24,3.211,NA,pulse,100
1,3.5,2018-04-24,2.511,NA,pulse,100
1,3.5,2018-04-24,2.631,NA,pulse,100
1,3.5,2018-04-24,3.315,NA,pulse,100
1,3.5,2018-04-24,2.769,NA,pulse,100
1,1.6,2018-05-02,2.429,NA,constant,60
1,1.6,2018-05-02,2.867,NA,constant,60
1,1.6,2018-05-02,2.902,NA,constant,60
1,1.6,2018-05-02,3.301,NA,constant,60
1,4.6,2018-05-02,2.816,NA,pulse,60
1,4.6,2018-05-02,2.895,NA,pulse,60
1,2.7,2018-05-02,2.758,NA,constant,100
1,2.7,2018-05-02,3.015,NA,constant,100
1,2.5,2018-05-02,3.166,NA,constant,100
1,2.5,2018-05-02,3.133,NA,constant,100
1,4.1,2018-05-02,3.032,NA,pulse,60
1,4.1,2018-05-02,3.079,NA,pulse,60
1,3.7,2018-05-02,2.13,NA,pulse,100
1,3.7,2018-05-02,2.744,NA,pulse,100
1,3.7,2018-05-02,2.165,NA,pulse,100
1,3.7,2018-05-02,2.301,NA,pulse,100
1,3.5,2018-05-02,2.746,NA,pulse,100
1,3.5,2018-05-02,2.133,NA,pulse,100
1,3.5,2018-05-02,2.3,NA,pulse,100
1,3.5,2018-05-02,2.913,NA,pulse,100
1,4.4,2018-04-24,2.977,NA,pulse,60
1,4.4,2018-04-24,3.267,NA,pulse,60
1,2.1,2018-04-24,2.785,NA,constant,100
1,2.1,2018-04-24,2.603,NA,constant,100
1,1.6,2018-04-24,2.595,NA,constant,60
1,1.6,2018-04-24,2.793,NA,constant,60
1,1.6,2018-04-24,2.573,NA,constant,60
1,1.6,2018-04-24,2.802,NA,constant,60
1,3.5,2018-05-02,3.063,NA,pulse,100
1,3.5,2018-05-02,3.112,NA,pulse,100
1,3.5,2018-05-02,2.584,NA,pulse,100
1,3.5,2018-05-02,3.751,NA,pulse,100
1,3.5,2018-05-02,3.794,NA,pulse,100
1,2.6,2018-04-24,3.369,NA,constant,100
1,2.6,2018-04-24,2.814,NA,constant,100
1,2.6,2018-04-24,3.33,NA,constant,100
1,2.6,2018-04-24,2.164,NA,constant,100
1,2.6,2018-04-24,2.437,NA,constant,100
1,2.7,2018-04-24,2.396,NA,constant,100
1,2.7,2018-04-24,3.069,NA,constant,100
1,2.7,2018-04-24,2.29,NA,constant,100
1,2.2,2018-04-24,2.743,NA,constant,100
1,2.2,2018-04-24,2.686,NA,constant,100
1,3.2,2018-05-02,2.729,NA,pulse,100
1,3.2,2018-05-02,2.108,NA,pulse,100
1,3.2,2018-05-02,1.947,NA,pulse,100
1,3.2,2018-05-02,2.214,NA,pulse,100
1,2.6,2018-05-02,2.442,NA,constant,100
1,1.7,2018-03-29,2.727,NA,constant,60
1,3.5,2018-03-26,3.118,NA,pulse,100
1,3.5,2018-03-26,3.266,NA,pulse,100
1,3.5,2018-03-26,2.671,NA,pulse,100
1,3.5,2018-03-26,3.145,NA,pulse,100
1,3.5,2018-03-26,2.862,NA,pulse,100
1,3.5,2018-03-26,2.97,NA,pulse,100
1,2.2,2018-05-02,2.972,NA,constant,100
1,2.2,2018-05-02,3.126,NA,constant,100
1,2.2,2018-05-02,3.115,NA,constant,100
1,3.7,2018-04-24,3.08,NA,pulse,100
1,1.7,2018-03-12,2.431,NA,constant,60
1,4.2,2018-04-24,2.38,NA,pulse,60
1,4.2,2018-04-24,2.775,NA,pulse,60
1,4.2,2018-04-24,3.094,NA,pulse,60
1,4.2,2018-04-24,2.709,NA,pulse,60
1,4.2,2018-04-24,2.957,NA,pulse,60
1,4.1,2018-04-01,2.48,NA,pulse,60
1,4.1,2018-04-01,2.662,NA,pulse,60
1,4.1,2018-04-01,3.129,NA,pulse,60
1,4.1,2018-04-01,3.022,NA,pulse,60
1,4.1,2018-04-01,3.034,NA,pulse,60
1,2.5,2018-03-29,2.752,NA,constant,100
1,2.5,2018-03-29,2.917,NA,constant,100
1,2.5,2018-03-29,2.719,NA,constant,100
1,2.5,2018-03-29,2.666,NA,constant,100
1,2.3,2018-03-26,2.697,NA,constant,100
1,3.7,2018-03-26,3.156,NA,pulse,100
1,3.7,2018-03-26,2.962,NA,pulse,100
1,3.7,2018-03-26,3.599,NA,pulse,100
1,3.1,2018-03-26,3.434,NA,pulse,100
1,2.3,2018-04-01,2.851,NA,constant,100
1,2.3,2018-04-01,3.307,NA,constant,100
1,3.3,2018-03-29,2.926,NA,pulse,100
1,3.3,2018-03-29,3.245,NA,pulse,100
1,1.1,2018-03-15,2.038,NA,constant,60
1,1.6,2018-03-29,3.163,NA,constant,60
1,2.1,2018-04-01,2.651,NA,constant,100
1,2.1,2018-04-01,2.995,NA,constant,100
1,2.1,2018-04-01,2.954,NA,constant,100
1,2.1,2018-04-01,2.661,NA,constant,100
1,2.1,2018-04-01,3.067,NA,constant,100
1,4.6,2018-04-01,3.38,NA,pulse,60
1,4.6,2018-04-01,2.651,NA,pulse,60
1,4.6,2018-04-01,2.914,NA,pulse,60
1,4.6,2018-04-01,2.779,NA,pulse,60
1,4.6,2018-04-01,2.975,NA,pulse,60
1,4.4,2018-04-01,2.826,NA,pulse,60
1,4.4,2018-04-01,2.869,NA,pulse,60
1,4.4,2018-04-01,2.913,NA,pulse,60
1,4.4,2018-04-01,3.062,NA,pulse,60
1,4.4,2018-04-01,2.457,NA,pulse,60
1,2.3,2018-03-12,1.922,NA,constant,100
1,3.3,2018-04-01,3.016,NA,pulse,100
1,3.3,2018-04-01,3.307,NA,pulse,100
1,2.6,2018-05-02,2.468,NA,constant,100
1,2.6,2018-05-02,3.007,NA,constant,100
1,3.3,2018-04-24,3.124,NA,pulse,100
1,3.3,2018-04-24,3.228,NA,pulse,100
1,3.3,2018-04-24,2.812,NA,pulse,100
1,2.6,2018-05-02,3.127,NA,constant,100
1,2.6,2018-05-02,2.519,NA,constant,100
1,2.6,2018-05-02,2.845,NA,constant,100
1,2.6,2018-05-02,2.892,NA,constant,100
2,3.4,2018-07-13,3.491,NA,pulse,100
2,3.4,2018-07-13,3.246,NA,pulse,100
2,3.3,2018-08-06,3.41,NA,pulse,100
2,2.5,2018-07-13,3.312,NA,constant,100
2,2.5,2018-07-13,2.678,NA,constant,100
2,2.5,2018-07-13,3.035,NA,constant,100
2,2.5,2018-07-13,3.122,NA,constant,100
2,2.5,2018-07-13,3.205,NA,constant,100
2,2.5,2018-07-13,2.83,NA,constant,100
2,3.3,2018-07-26,2.866,NA,pulse,100
2,1.7,2018-08-09,3.038,NA,constant,60
2,1.7,2018-08-09,2.988,NA,constant,60
2,1.7,2018-08-09,2.986,NA,constant,60
2,2.7,2018-08-02,3.182,NA,constant,100
2,2.7,2018-08-02,3.382,NA,constant,100
2,2.3,2018-07-30,2.541,NA,constant,100
2,2.3,2018-07-30,2.761,NA,constant,100
2,3.1,2018-07-26,3.075,NA,pulse,100
2,2.3,2018-07-26,3.091,NA,constant,100
2,2.3,2018-07-26,2.874,NA,constant,100
2,2.3,2018-07-26,2.658,NA,constant,100
2,2.3,2018-07-26,2.492,NA,constant,100
2,2.2,2018-07-13,3.68,NA,constant,100
2,2.2,2018-07-13,3.607,NA,constant,100
2,2.2,2018-07-13,3.378,NA,constant,100
2,2.2,2018-07-13,3.656,NA,constant,100
2,2.2,2018-07-13,3.675,NA,constant,100
2,2.3,2018-07-18,2.522,NA,constant,100
2,2.3,2018-07-18,2.281,NA,constant,100
2,3.5,2018-07-16,2.745,NA,pulse,100
2,1.6,2018-07-16,2.79,NA,constant,60
2,1.6,2018-07-16,2.648,NA,constant,60
2,1.6,2018-07-16,2.685,NA,constant,60
2,1.6,2018-07-16,2.935,NA,constant,60
2,1.5,2018-07-13,3.887,NA,constant,60
2,1.5,2018-07-13,2.952,NA,constant,60
2,1.5,2018-07-13,3.312,NA,constant,60
2,1.5,2018-07-13,3.903,NA,constant,60
2,2.3,2018-07-13,3.448,NA,constant,100
2,2.3,2018-07-13,3.628,NA,constant,100
2,2.3,2018-07-13,2.629,NA,constant,100
2,2.3,2018-07-13,2.869,NA,constant,100
2,2.3,2018-07-13,3.164,NA,constant,100
2,2.3,2018-07-13,3.496,NA,constant,100
2,3.1,2018-07-16,2.936,NA,pulse,100
2,3.1,2018-07-16,2.788,NA,pulse,100
2,3.7,2018-07-13,2.949,NA,pulse,100
2,3.7,2018-08-06,2.875,NA,pulse,100
2,3.7,2018-08-06,2.664,NA,pulse,100
2,2.4,2018-08-06,3.055,NA,constant,100
2,2.4,2018-08-06,3.018,NA,constant,100
2,1.5,2018-07-30,3.279,NA,constant,60
2,4.5,2018-07-26,2.967,NA,pulse,60
2,1.7,2018-07-13,3.517,NA,constant,60
2,1.7,2018-07-13,3.427,NA,constant,60
2,1.7,2018-07-13,3.538,NA,constant,60
2,1.7,2018-07-13,3.412,NA,constant,60
2,1.7,2018-07-13,3.512,NA,constant,60
2,2.7,2018-07-16,2.282,NA,constant,100
2,1.4,2018-07-13,3.175,NA,constant,60
2,1.4,2018-07-13,3.311,NA,constant,60
2,1.3,2018-07-16,3.475,NA,constant,60
2,2.1,2018-07-30,3.117,NA,constant,100
2,2.1,2018-07-30,3.328,NA,constant,100
2,2.1,2018-07-30,2.808,NA,constant,100
2,1.3,2018-08-02,3.347,NA,constant,60
2,1.3,2018-08-02,3.18,NA,constant,60
2,1.3,2018-08-02,3.066,NA,constant,60
2,4.3,2018-07-18,3.098,NA,pulse,60
2,2.4,2018-07-13,3.115,NA,constant,100
2,2.4,2018-07-13,3.39,NA,constant,100
2,2.4,2018-07-13,3.141,NA,constant,100
2,2.4,2018-07-13,3.279,NA,constant,100
2,2.4,2018-07-13,3.856,NA,constant,100
2,4.7,2018-07-23,2.378,NA,pulse,60
2,4.7,2018-07-23,3.126,NA,pulse,60
2,4.7,2018-07-23,3.23,NA,pulse,60
2,1.5,2018-08-06,3.035,NA,constant,60
2,1.5,2018-08-06,2.817,NA,constant,60
2,3.1,2018-07-18,2.918,NA,pulse,100
2,3.1,2018-07-18,2.746,NA,pulse,100
2,3.1,2018-07-18,3.098,NA,pulse,100
2,3.3,2018-07-13,3.444,NA,pulse,100
2,3.3,2018-07-13,3.197,NA,pulse,100
2,3.3,2018-07-13,2.934,NA,pulse,100
2,3.3,2018-07-13,2.773,NA,pulse,100
2,3.3,2018-07-13,3.614,NA,pulse,100
2,3.3,2018-07-13,3.592,NA,pulse,100
2,3.3,2018-07-13,3.214,NA,pulse,100
2,3.3,2018-07-13,3.648,NA,pulse,100
2,3.3,2018-07-13,3.121,NA,pulse,100
2,4.3,2018-07-16,2.738,NA,pulse,60
2,3.5,2018-07-13,3.176,NA,pulse,100
2,3.5,2018-07-13,3.164,NA,pulse,100
2,3.5,2018-07-13,3.459,NA,pulse,100
2,4.5,2018-07-13,3.039,NA,pulse,60
2,4.5,2018-07-13,2.82,NA,pulse,60
2,4.5,2018-07-13,2.908,NA,pulse,60
2,4.5,2018-07-13,3.823,NA,pulse,60
2,3.6,2018-08-02,2.986,NA,pulse,100
2,1.7,2018-08-06,2.754,NA,constant,60
2,1.7,2018-08-06,3.066,NA,constant,60
2,1.7,2018-08-06,2.94,NA,constant,60
2,4.1,2018-07-30,2.771,NA,pulse,60
2,4.1,2018-07-30,2.833,NA,pulse,60
2,4.1,2018-07-30,3.181,NA,pulse,60
2,4.1,2018-07-30,3.116,NA,pulse,60
2,4.6,2018-07-23,2.477,NA,pulse,60
2,4.6,2018-07-23,2.641,NA,pulse,60
2,4.6,2018-07-23,2.726,NA,pulse,60
2,3.2,2018-07-26,2.495,NA,pulse,100
2,3.2,2018-07-26,2.329,NA,pulse,100
2,2.3,2018-07-23,2.721,NA,constant,100
2,2.3,2018-07-23,2.492,NA,constant,100
2,2.5,2018-07-16,2.991,NA,constant,100
2,2.5,2018-07-16,3.234,NA,constant,100
2,1.2,2018-07-13,2.738,NA,constant,60
2,1.2,2018-07-13,3.432,NA,constant,60
2,1.2,2018-07-13,3.038,NA,constant,60
2,1.2,2018-07-13,2.886,NA,constant,60
2,1.2,2018-07-13,3.218,NA,constant,60
2,1.2,2018-07-13,3.379,NA,constant,60
2,4.7,2018-07-16,3.009,NA,pulse,60
2,3.3,2018-07-18,2.544,NA,pulse,100
2,3.3,2018-07-18,3.067,NA,pulse,100
2,2.2,2018-07-16,2.755,NA,constant,100
2,2.2,2018-07-16,2.688,NA,constant,100
2,2.2,2018-07-16,2.775,NA,constant,100
2,2.2,2018-07-16,2.953,NA,constant,100
2,4.6,2018-07-13,3.805,NA,pulse,60
2,4.6,2018-07-13,3.843,NA,pulse,60
2,4.6,2018-07-13,3.533,NA,pulse,60
2,4.6,2018-07-13,3.092,NA,pulse,60
2,4.6,2018-07-13,3.691,NA,pulse,60
2,4.6,2018-07-13,3.723,NA,pulse,60
2,4.6,2018-07-13,3.754,NA,pulse,60
2,4.7,2018-07-30,2.541,NA,pulse,60
2,2.2,2018-08-06,2.985,NA,constant,100
2,2.2,2018-08-06,3.18,NA,constant,100
2,2.2,2018-08-06,3.1,NA,constant,100
2,2.7,2018-08-06,3.051,NA,constant,100
2,2.7,2018-08-06,3.43,NA,constant,100
2,2.7,2018-08-06,3.492,NA,constant,100
2,2.2,2018-07-18,3.033,NA,constant,100
2,2.2,2018-07-18,2.71,NA,constant,100
2,1.2,2018-07-23,2.884,NA,constant,60
2,4.3,2018-07-23,3.15,NA,pulse,60
2,4.3,2018-07-23,3.217,NA,pulse,60
2,4.3,2018-07-23,3.359,NA,pulse,60
2,4.1,2018-07-13,2.677,NA,pulse,60
2,4.1,2018-07-13,3.067,NA,pulse,60
2,4.1,2018-07-13,2.984,NA,pulse,60
2,4.1,2018-07-13,3.067,NA,pulse,60
2,4.1,2018-07-13,3.135,NA,pulse,60
2,4.3,2018-07-26,3.46,NA,pulse,60
2,2.1,2018-07-26,3.168,NA,constant,100
2,2.1,2018-07-26,3.019,NA,constant,100
2,2.1,2018-07-26,2.952,NA,constant,100
2,2.1,2018-07-26,3.085,NA,constant,100
2,3.2,2018-07-13,3.169,NA,pulse,100
2,3.2,2018-07-13,2.847,NA,pulse,100
2,3.2,2018-07-13,3.248,NA,pulse,100
2,3.2,2018-07-13,3.428,NA,pulse,100
2,3.2,2018-07-13,2.84,NA,pulse,100
2,3.2,2018-07-13,3.152,NA,pulse,100
2,3.2,2018-08-06,3,NA,pulse,100
2,3.2,2018-08-06,3.173,NA,pulse,100
2,3.2,2018-08-06,3.103,NA,pulse,100
2,1.1,2018-07-30,3.041,NA,constant,60
2,3.6,2018-07-13,3.148,NA,pulse,100
2,3.7,2018-08-02,3.148,NA,pulse,100
2,3.7,2018-08-02,3.213,NA,pulse,100
2,3.7,2018-08-02,3.016,NA,pulse,100
2,3.7,2018-08-02,3.05,NA,pulse,100
2,3.7,2018-08-02,3.378,NA,pulse,100
2,2.6,2018-07-30,3.611,NA,constant,100
2,2.6,2018-07-30,3.524,NA,constant,100
2,2.6,2018-07-30,3.298,NA,constant,100
2,2.6,2018-07-30,3.6,NA,constant,100
2,1.6,2018-07-18,2.721,NA,constant,60
2,1.6,2018-07-18,2.738,NA,constant,60
2,3.7,2018-07-16,3.633,NA,pulse,100
2,3.6,2018-07-13,3.23,NA,pulse,100
2,3.6,2018-07-13,3.361,NA,pulse,100
2,3.6,2018-07-13,3.154,NA,pulse,100
2,3.6,2018-07-13,3.05,NA,pulse,100
2,3.6,2018-07-13,3.373,NA,pulse,100
2,2.6,2018-08-02,3.674,NA,constant,100
2,2.5,2018-08-06,2.722,NA,constant,100
2,2.5,2018-08-06,3.029,NA,constant,100
2,2.5,2018-08-09,3.184,NA,constant,100
2,2.5,2018-08-09,3.262,NA,constant,100
2,2.5,2018-07-18,3.175,NA,constant,100
2,2.1,2018-07-13,2.889,NA,constant,100
2,2.1,2018-07-13,3.721,NA,constant,100
2,3.2,2018-07-13,3.311,NA,pulse,100
2,3.2,2018-07-13,2.924,NA,pulse,100
2,3.2,2018-07-13,3.182,NA,pulse,100
2,3.2,2018-07-13,2.985,NA,pulse,100
2,3.2,2018-07-13,3.023,NA,pulse,100
2,3.2,2018-07-13,3.361,NA,pulse,100
2,3.2,2018-07-13,3.1,NA,pulse,100
2,3.2,2018-07-13,3.77,NA,pulse,100
2,3.2,2018-07-13,3.387,NA,pulse,100
2,2.4,2018-08-02,2.426,NA,constant,100
2,2.4,2018-07-26,2.688,NA,constant,100
2,2.6,2018-07-13,3.295,NA,constant,100
2,2.6,2018-07-13,3.204,NA,constant,100
2,4.4,2018-07-23,3.053,NA,pulse,60
2,4.4,2018-07-23,2.801,NA,pulse,60
2,3.3,2018-07-23,2.995,NA,pulse,100
2,3.6,2018-07-30,2.885,NA,pulse,100
2,3.2,2018-07-16,2.135,NA,pulse,100
2,3.2,2018-07-16,3.427,NA,pulse,100
2,4.1,2018-07-26,2.617,NA,pulse,60
2,4.4,2018-07-13,3.464,NA,pulse,60
2,4.4,2018-07-13,2.81,NA,pulse,60
2,4.4,2018-07-13,3.102,NA,pulse,60
2,4.4,2018-07-13,3.073,NA,pulse,60
2,4.4,2018-07-13,3.382,NA,pulse,60
2,4.4,2018-07-13,2.736,NA,pulse,60
2,4.4,2018-07-13,3.068,NA,pulse,60
2,4.4,2018-07-13,3.445,NA,pulse,60
2,4.4,2018-07-13,2.822,NA,pulse,60
2,3.2,2018-08-09,3.003,NA,pulse,100
2,3.2,2018-08-09,3.459,NA,pulse,100
2,3.2,2018-08-09,2.837,NA,pulse,100
2,3.2,2018-08-09,3.118,NA,pulse,100
2,3.2,2018-08-09,3.115,NA,pulse,100
2,3.2,2018-08-09,3.45,NA,pulse,100
2,3.3,2018-08-09,3.495,NA,pulse,100
2,3.3,2018-08-09,3.297,NA,pulse,100
2,3.3,2018-08-09,3.433,NA,pulse,100
2,4.3,2018-07-13,3.203,NA,pulse,60
2,4.3,2018-07-13,3.396,NA,pulse,60
2,4.3,2018-07-13,2.936,NA,pulse,60
2,4.3,2018-07-13,3.525,NA,pulse,60
2,4.4,2018-07-26,3.114,NA,pulse,60
2,1.1,2018-07-26,3.263,NA,constant,60
2,3.1,2018-07-13,2.788,NA,pulse,100
2,3.1,2018-07-13,3.017,NA,pulse,100
2,3.1,2018-07-13,3.251,NA,pulse,100
2,3.1,2018-07-13,3.001,NA,pulse,100
2,3.1,2018-07-13,2.754,NA,pulse,100
2,3.1,2018-07-13,2.722,NA,pulse,100
2,3.1,2018-07-13,2.715,NA,pulse,100
2,3.1,2018-07-13,3.292,NA,pulse,100
2,3.7,2018-07-30,3.82,NA,pulse,100
2,3.7,2018-07-30,4.2,NA,pulse,100
2,3.7,2018-07-30,3.741,NA,pulse,100
2,2.7,2018-07-13,2.706,NA,constant,100
2,2.7,2018-07-13,3.664,NA,constant,100
2,2.6,2018-07-26,3.378,NA,constant,100
2,4.7,2018-07-26,2.798,NA,pulse,60
2,4.7,2018-07-26,2.841,NA,pulse,60
2,2.4,2018-07-30,2.762,NA,constant,100
2,1.5,2018-08-02,2.826,NA,constant,60
2,1.5,2018-08-02,3.246,NA,constant,60
2,1.3,2018-08-09,2.804,NA,constant,60
2,1.3,2018-08-09,2.771,NA,constant,60
2,4.3,2018-08-02,2.975,NA,pulse,60
2,4.3,2018-08-02,2.73,NA,pulse,60
2,1.1,2018-07-13,3.279,NA,constant,60
2,2.6,2018-08-09,3.315,NA,constant,100
2,2.6,2018-08-09,3.136,NA,constant,100
2,4.7,2018-07-13,3.104,NA,pulse,60
2,4.7,2018-07-13,2.794,NA,pulse,60
2,4.7,2018-07-13,3.146,NA,pulse,60
2,4.7,2018-07-13,2.73,NA,pulse,60
2,4.7,2018-07-13,3.165,NA,pulse,60
2,4.7,2018-07-13,3.035,NA,pulse,60
2,1.6,2018-07-13,2.773,NA,constant,60
2,1.6,2018-07-13,3.339,NA,constant,60
2,1.6,2018-07-13,3.09,NA,constant,60
2,1.6,2018-07-13,3.036,NA,constant,60
2,1.6,2018-07-13,3.465,NA,constant,60
2,1.6,2018-07-13,3.255,NA,constant,60
2,1.6,2018-07-13,2.965,NA,constant,60
2,1.6,2018-07-13,3.341,NA,constant,60
2,1.6,2018-07-13,3.64,NA,constant,60
3,2.4,2019-01-03,2.839,NA,constant,100
3,2.4,2019-01-03,2.81,NA,constant,100
3,2.5,2019-01-03,3.033,NA,constant,100
3,2.5,2019-01-03,3.148,NA,constant,100
3,3.1,2019-01-03,3.1,NA,pulse,100
3,3.1,2019-01-03,3.267,NA,pulse,100
3,3.3,2019-01-03,2.563,NA,pulse,100
3,3.3,2019-01-03,2.541,NA,pulse,100
3,3.2,2019-01-03,3.001,NA,pulse,100
3,2.3,2019-01-03,3.368,NA,constant,100
3,3.4,2019-01-03,2.415,NA,pulse,100
3,3.5,2019-01-03,3.164,NA,pulse,100
3,4.4,2019-01-03,3.221,NA,pulse,60
3,4.4,2019-01-03,3.227,NA,pulse,60
3,4.7,2019-01-03,2.444,NA,pulse,60
3,4.7,2019-01-03,2.809,NA,pulse,60
3,4.7,2019-01-03,2.377,NA,pulse,60
3,1.3,2019-01-06,3.022,NA,constant,60
3,1.3,2019-01-06,2.715,NA,constant,60
3,4.4,2019-01-06,2.843,NA,pulse,60
3,2.3,2019-01-06,3.386,NA,constant,100
3,2.3,2019-01-06,3.483,NA,constant,100
3,2.3,2019-01-06,2.989,NA,constant,100
3,2.3,2019-01-06,3.235,NA,constant,100
3,2.1,2019-01-06,2.998,NA,constant,100
3,4.4,2019-01-09,2.442,NA,pulse,60
3,2.5,2019-01-09,2.752,NA,constant,100
3,1.4,2019-01-09,2.431,NA,constant,60
3,2.6,2019-01-09,3.345,NA,constant,100
3,2.6,2019-01-09,3.05,NA,constant,100
3,2.6,2019-01-09,3.442,NA,constant,100
3,2.6,2019-01-09,3.148,NA,constant,100
3,2.6,2019-01-09,3.017,NA,constant,100
3,2.1,2019-01-09,3.627,NA,constant,100
3,2.1,2019-01-09,3.005,NA,constant,100
3,4.7,2019-01-09,3.279,NA,pulse,60
3,4.7,2019-01-09,3.197,NA,pulse,60
3,4.7,2019-01-09,2.94,NA,pulse,60
3,3.2,2019-01-23,3.182,NA,pulse,100
3,3.2,2019-01-23,2.787,NA,pulse,100
3,3.2,2019-01-23,2.789,NA,pulse,100
3,3.2,2019-01-23,2.805,NA,pulse,100
3,3.2,2019-01-23,2.922,NA,pulse,100
3,3.2,2019-01-23,3.566,NA,pulse,100
3,4.1,2019-01-23,3.331,NA,pulse,60
3,4.1,2019-01-23,3.066,NA,pulse,60
3,4.1,2019-01-23,3.138,NA,pulse,60
3,1.1,2019-01-23,3.485,NA,constant,60
3,1.1,2019-01-23,3.528,NA,constant,60
3,2.1,2019-01-23,3.152,NA,constant,100
3,2.1,2019-01-23,3.459,NA,constant,100
3,2.1,2019-01-23,3.755,NA,constant,100
3,2.1,2019-01-23,3.02,NA,constant,100
3,2.1,2019-01-23,3.334,NA,constant,100
3,2.1,2019-01-23,3.457,NA,constant,100
3,4.7,2019-01-23,3.115,NA,pulse,60
3,4.7,2019-01-23,2.754,NA,pulse,60
3,4.7,2019-01-23,3.13,NA,pulse,60
3,2.6,2019-01-23,3.4,NA,constant,100
3,2.3,2019-01-23,3.028,NA,constant,100
3,1.5,2019-01-23,3.283,NA,constant,60
3,1.5,2019-01-23,2.346,NA,constant,60
3,2.4,2019-01-23,3.068,NA,constant,100
3,2.4,2019-01-23,2.985,NA,constant,100
3,2.4,2019-01-23,3.15,NA,constant,100
3,2.2,2018-11-28,3.66,NA,constant,100
3,2.2,2018-11-28,3.329,NA,constant,100
3,3.4,2018-11-28,3.198,NA,pulse,100
3,3.4,2018-11-28,3.018,NA,pulse,100
3,3.4,2018-11-28,3.149,NA,pulse,100
3,3.4,2018-11-28,3.378,NA,pulse,100
3,3.4,2018-11-28,3.123,NA,pulse,100
3,3.4,2018-11-28,3.05,NA,pulse,100
3,1.6,2018-12-01,3.475,NA,constant,60
3,2.6,2018-12-01,3.442,NA,constant,100
3,2.3,2018-12-01,2.804,NA,constant,100
3,4.3,2018-12-03,3.531,NA,pulse,60
3,3.4,2018-12-03,3.299,NA,pulse,100
3,4.4,2018-12-03,3.519,NA,pulse,60
3,4.2,2018-12-03,2.961,NA,pulse,60
3,3.2,2018-12-06,2.213,NA,pulse,100
3,3.2,2018-12-06,3.166,NA,pulse,100
3,1.5,2018-12-06,2.788,NA,constant,60
3,1.5,2018-12-06,2.801,NA,constant,60
3,1.5,2018-12-06,2.822,NA,constant,60
3,4.7,2018-12-06,3.151,NA,pulse,60
3,4.7,2018-12-06,3.235,NA,pulse,60
3,2.4,2018-12-06,3.01,NA,constant,100
3,2.4,2018-12-06,2.979,NA,constant,100
3,2.3,2018-12-06,2.989,NA,constant,100
3,2.3,2018-12-06,2.79,NA,constant,100
3,2.3,2018-12-06,3.328,NA,constant,100
3,2.6,2018-12-06,2.955,NA,constant,100
3,3.6,2018-12-06,2.985,NA,pulse,100
3,3.6,2018-12-06,2.939,NA,pulse,100
3,3.6,2018-12-06,3.127,NA,pulse,100
3,1.6,2018-12-06,2.983,NA,constant,60
3,1.6,2018-12-06,3.2,NA,constant,60
3,1.6,2018-12-06,2.807,NA,constant,60
3,1.6,2018-12-06,2.935,NA,constant,60
3,1.6,2018-12-06,2.869,NA,constant,60
3,4.3,2018-12-06,2.771,NA,pulse,60
3,4.3,2018-12-06,2.869,NA,pulse,60
3,4.3,2018-12-06,3.045,NA,pulse,60
3,1.4,2018-12-06,3.033,NA,constant,60
3,1.4,2018-12-06,2.988,NA,constant,60
3,1.4,2018-12-06,2.77,NA,constant,60
3,3.1,2018-12-06,3.049,NA,pulse,100
3,3.1,2018-12-06,2.988,NA,pulse,100
3,4.4,2018-12-06,3.164,NA,pulse,60
3,2.2,2018-12-06,3.573,NA,constant,100
3,3.6,2018-12-09,3.017,NA,pulse,100
3,2.6,2018-12-09,3.134,NA,constant,100
3,3.5,2018-12-09,3.102,NA,pulse,100
3,3.5,2018-12-09,2.868,NA,pulse,100
3,3.7,2018-12-09,2.717,NA,pulse,100
3,2.4,2018-12-09,3.248,NA,constant,100
3,2.5,2018-12-09,3.477,NA,constant,100
3,2.5,2018-12-09,3.641,NA,constant,100
3,1.6,2018-12-09,2.99,NA,constant,60
3,1.5,2018-12-09,2.321,NA,constant,60
3,1.4,2018-12-09,2.172,NA,constant,60
3,1.4,2018-12-09,3.133,NA,constant,60
3,1.4,2018-12-09,3.719,NA,constant,60
3,1.1,2018-12-09,2.722,NA,constant,60
3,4.3,2018-12-09,2.626,NA,pulse,60
3,4.2,2018-12-09,2.51,NA,pulse,60
3,4.1,2018-12-09,2.414,NA,pulse,60
3,4.1,2018-12-09,2.772,NA,pulse,60
3,4.1,2018-12-09,2.936,NA,pulse,60
3,4.1,2018-12-09,2.712,NA,pulse,60
3,4.1,2018-12-12,2.328,NA,pulse,60
3,4.2,2018-12-12,2.697,NA,pulse,60
3,4.2,2018-12-12,2.957,NA,pulse,60
3,2.4,2018-12-12,2.738,NA,constant,100
3,2.4,2018-12-12,2.984,NA,constant,100
3,2.4,2018-12-12,3.264,NA,constant,100
3,2.4,2018-12-12,2.894,NA,constant,100
3,1.6,2018-12-12,2.792,NA,constant,60
3,3.7,2018-12-12,3.252,NA,pulse,100
3,1.1,2018-12-12,3.214,NA,constant,60
3,1.1,2018-12-12,3.034,NA,constant,60
3,1.1,2018-12-12,3.099,NA,constant,60
3,3.1,2018-12-15,2.427,NA,pulse,100
3,4.1,2018-12-15,2.82,NA,pulse,60
3,4.1,2018-12-15,2.349,NA,pulse,60
3,2.5,2018-12-15,3.217,NA,constant,100
3,2.4,2018-12-15,2.975,NA,constant,100
3,2.4,2018-12-15,3.119,NA,constant,100
3,2.2,2018-12-15,3.167,NA,constant,100
3,2.2,2018-12-15,3.543,NA,constant,100
3,2.2,2018-12-15,3.246,NA,constant,100
3,2.2,2018-12-15,3.246,NA,constant,100
3,2.2,2018-12-15,2.952,NA,constant,100
3,1.1,2018-12-15,3.645,NA,constant,60
3,1.1,2018-12-15,3.508,NA,constant,60
3,2.1,2018-12-18,3.088,NA,constant,100
3,2.2,2018-12-18,2.836,NA,constant,100
3,2.2,2018-12-18,2.901,NA,constant,100
3,2.2,2018-12-18,2.836,NA,constant,100
3,2.2,2018-12-18,3.035,NA,constant,100
3,1.2,2018-12-18,2.902,NA,constant,60
3,1.2,2018-12-18,3.117,NA,constant,60
3,3.4,2018-12-18,2.951,NA,pulse,100
3,3.4,2018-12-18,2.819,NA,pulse,100
3,3.4,2018-12-18,3.188,NA,pulse,100
3,3.4,2018-12-18,2.968,NA,pulse,100
3,3.4,2018-12-18,2.875,NA,pulse,100
3,3.4,2018-12-18,3.215,NA,pulse,100
3,3.4,2018-12-18,3.049,NA,pulse,100
3,2.6,2018-12-18,3.672,NA,constant,100
3,2.6,2018-12-18,3.17,NA,constant,100
3,3.7,2018-12-18,2.969,NA,pulse,100
3,4.1,2018-12-18,3.281,NA,pulse,60
3,4.1,2018-12-18,3.059,NA,pulse,60
3,4.4,2018-12-21,3.545,NA,pulse,60
3,4.4,2018-12-21,3.42,NA,pulse,60
3,3.4,2018-12-21,2.64,NA,pulse,100
3,3.4,2018-12-21,2.754,NA,pulse,100
3,3.4,2018-12-21,3.018,NA,pulse,100
3,3.4,2018-12-21,3.05,NA,pulse,100
3,3.4,2018-12-21,2.799,NA,pulse,100
3,3.4,2018-12-21,3.076,NA,pulse,100
3,3.4,2018-12-21,2.533,NA,pulse,100
3,3.4,2018-12-21,3.171,NA,pulse,100
3,3.4,2018-12-21,3.273,NA,pulse,100
3,3.4,2018-12-21,2.82,NA,pulse,100
3,3.3,2018-12-21,3.286,NA,pulse,100
3,2.3,2018-12-21,2.492,NA,constant,100
3,2.2,2018-12-21,2.808,NA,constant,100
3,2.2,2018-12-21,2.744,NA,constant,100
3,2.2,2018-12-21,2.313,NA,constant,100
3,2.1,2018-12-21,3.137,NA,constant,100
3,2.1,2018-12-21,3.156,NA,constant,100
3,2.1,2018-12-21,3.529,NA,constant,100
3,1.1,2018-12-21,2.475,NA,constant,60
3,1.1,2018-12-21,2.625,NA,constant,60
3,1.3,2018-12-21,2.869,NA,constant,60
3,1.3,2018-12-21,2.926,NA,constant,60
3,4.4,2018-12-30,2.922,NA,pulse,60
3,4.4,2018-12-30,2.248,NA,pulse,60
3,4.4,2018-12-30,2.69,NA,pulse,60
3,4.3,2018-12-30,2.656,NA,pulse,60
3,4.3,2018-12-30,2.909,NA,pulse,60
3,4.3,2018-12-30,3.23,NA,pulse,60
3,4.3,2018-12-30,2.984,NA,pulse,60
3,4.3,2018-12-30,2.935,NA,pulse,60
3,3.7,2018-12-30,2.989,NA,pulse,100
3,3.6,2018-12-30,2.824,NA,pulse,100
3,3.6,2018-12-30,2.92,NA,pulse,100
3,3.6,2018-12-30,1.951,NA,pulse,100
3,3.6,2018-12-30,2.41,NA,pulse,100
3,3.6,2018-12-30,2.71,NA,pulse,100
3,3.4,2018-12-30,2.913,NA,pulse,100
3,3.4,2018-12-30,2.7,NA,pulse,100
3,3.2,2018-12-30,3.017,NA,pulse,100
3,3.2,2018-12-30,2.98,NA,pulse,100
3,3.2,2018-12-30,3.121,NA,pulse,100
3,3.2,2018-12-30,3.043,NA,pulse,100
3,3.2,2018-12-30,3.265,NA,pulse,100
3,3.1,2018-12-30,2.936,NA,pulse,100
3,3.1,2018-12-30,2.991,NA,pulse,100
3,3.1,2018-12-30,3.13,NA,pulse,100
3,3.1,2018-12-30,3.558,NA,pulse,100
3,3.1,2018-12-30,2.967,NA,pulse,100
3,3.1,2018-12-30,3.362,NA,pulse,100
3,3.1,2018-12-30,2.823,NA,pulse,100
3,2.6,2018-12-30,2.712,NA,constant,100
3,2.6,2018-12-30,3.426,NA,constant,100
3,2.6,2018-12-30,3.007,NA,constant,100
3,2.4,2018-12-30,2.771,NA,constant,100
3,2.5,2018-12-30,3.082,NA,constant,100
3,2.5,2018-12-30,2.891,NA,constant,100
3,2.5,2018-12-30,3.479,NA,constant,100
3,2.5,2018-12-30,3.246,NA,constant,100
3,2.5,2018-12-30,3.262,NA,constant,100
3,2.5,2018-12-30,3.361,NA,constant,100
3,2.5,2018-12-30,3.214,NA,constant,100
3,1.2,2018-12-30,2.688,NA,constant,60
3,1.2,2018-12-30,2.717,NA,constant,60
3,1.2,2018-12-30,2.657,NA,constant,60
3,1.2,2018-12-30,2.742,NA,constant,60
3,1.2,2018-12-30,2.81,NA,constant,60
3,1.6,2018-12-30,2.92,NA,constant,60
3,1.6,2018-12-30,2.981,NA,constant,60
3,1.6,2018-12-30,3.15,NA,constant,60
3,1.4,2018-12-30,3.445,NA,constant,60
3,4.2,2018-12-30,2.838,NA,pulse,60
3,1.3,2018-12-30,2.692,NA,constant,60
3,1.3,2018-12-30,3.059,NA,constant,60
