id,date,p_mass_rm,p_mass_fd,n_mass_fd,n_mass_rm,p_mass_cons,p_mass_cons_avg,n_mass_cons,treatment,fd.day,mc_mass,mc_mass_init,fd.day.count,mc_mass_true,pulse.cat,pulse_cat,mc_mass_true_intrp
3.3,2018-03-15,0,2,14.23,0,NA,0.49999999999999983,0,zone.3,1,435.46,432.46,1,3.5,b1,b1,3.5
3.3,2018-03-18,NA,1.14,15.07,9.87,NA,0.49999999999999983,4.360000000000001,zone.3,2,435.91,432.46,2,1.9500000000000453,b1,b1,1.9500000000000453
3.3,2018-03-22,NA,1.01,13.57,9.21,NA,0.49999999999999983,5.859999999999999,zone.3,3,436.63,432.46,3,1.530000000000016,b1,b1,1.530000000000016
3.3,2018-03-26,2.65,1.19,14.53,7.56,1.4999999999999996,0.9075,6.010000000000001,zone.3,4,437.38,432.46,0,1.6775000000000164,p1,p1,1.6775000000000164
3.3,2018-03-29,NA,3.15,27.13,8.44,NA,0.9075,6.09,zone.3,5,436.82,432.46,1,5.267500000000013,p1,p1,5.267500000000013
3.3,2018-04-01,NA,3.07,26.39,21.99,NA,0.9075,5.140000000000001,zone.3,6,438.9,432.46,2,4.197499999999998,p1,p1,4.197499999999998
3.3,2018-04-05,NA,3.1,25.16,17.58,NA,0.9075,8.810000000000002,zone.3,7,442.13,432.46,3,4.357500000000016,a1.b2,a1.b2,4.357500000000016
3.3,2018-04-09,6.88,1.09,13.8,15.96,3.63,0.67,9.2,zone.3,8,445.38,432.46,0,4.2700000000000164,a1.b2,a1.b2,4.2700000000000164
3.3,2018-04-13,NA,1.06,13.57,6.86,NA,0.67,6.94,zone.3,9,439.55,432.46,1,7.760000000000032,a1.b2,a1.b2,7.760000000000032
3.3,2018-04-16,NA,1.05,14.09,7.89,NA,0.67,5.680000000000001,zone.3,10,438.64,432.46,2,5.790000000000006,a1.b2,a1.b2,5.790000000000006
3.3,2018-04-20,NA,1.13,15.1,7.24,NA,0.67,6.85,zone.3,11,438.9,432.46,3,4.999999999999998,p2,p2,4.999999999999998
3.3,2018-04-24,1.65,3.09,24.57,7.74,2.68,0.6266666666666669,7.359999999999999,zone.3,12,439.18,432.46,0,4.106666666666694,p2,p2,4.106666666666694
3.3,2018-04-28,NA,3.08,24.41,13.84,NA,0.6266666666666669,10.73,zone.3,13,NA,432.46,1,NA,p2,p2,6.886666666666683
3.3,2018-05-02,NA,2.98,26.19,16.59,NA,0.6266666666666669,7.82,zone.3,14,444.58,432.46,2,9.666666666666671,a2,a2,9.666666666666671
3.3,2018-05-07,7.27,1.11,15.13,17.96,1.8800000000000008,1.1933333333333331,8.23,zone.3,15,446.97,432.46,3,9.64333333333338,a2,a2,9.64333333333338
3.3,2018-05-11,NA,1.1,13.7,10.4,NA,1.1933333333333331,4.73,zone.3,16,NA,432.46,1,NA,a2,a2,8.653333333333354
3.3,2018-05-14,NA,1.11,15.05,9.42,NA,1.1933333333333331,4.279999999999999,zone.3,17,440.03,432.46,2,7.663333333333327,a2,a2,7.663333333333327
1.6,2018-03-15,0,2,13.93,0,NA,1.1933333333333331,0,zone.1,1,435.05,432.05,1,4.193333333333333,b1,b1,4.193333333333333
1.6,2018-03-18,NA,1.09,13.56,0,NA,1.1933333333333331,0,zone.1,2,435.8,432.05,2,2.9433333333333334,b1,b1,2.9433333333333334
1.6,2018-03-22,NA,1.01,14.61,7.11,NA,1.1933333333333331,6.45,zone.1,3,435.14,432.05,3,1.193333333333308,b1,b1,1.193333333333308
1.6,2018-03-26,0.52,1.14,14.19,6,3.5799999999999996,1.09,8.61,zone.1,4,436.14,432.05,0,1.0799999999999752,p1,p1,1.0799999999999752
1.6,2018-03-29,NA,1.09,14.15,6.52,NA,1.09,7.67,zone.1,5,436.31,432.05,1,5.349999999999991,p1,p1,5.349999999999991
1.6,2018-04-01,NA,1.05,14.62,7.1,NA,1.09,7.050000000000001,zone.1,6,436.34,432.05,2,4.289999999999964,p1,p1,4.289999999999964
1.6,2018-04-05,NA,1.08,14.67,6.86,NA,1.09,7.759999999999999,zone.1,7,436.06,432.05,3,2.959999999999991,a1.b2,a1.b2,2.959999999999991
1.6,2018-04-09,1.09,1.1,14.07,6.69,3.2700000000000005,0.8050000000000002,7.9799999999999995,zone.1,8,435.83,432.05,0,1.3649999999999727,a1.b2,a1.b2,1.3649999999999727
1.6,2018-04-13,NA,1.06,13.43,6.46,NA,0.8050000000000002,7.61,zone.1,9,436.44,432.05,1,5.194999999999986,a1.b2,a1.b2,5.194999999999986
1.6,2018-04-16,NA,1.1,15.33,6.71,NA,0.8050000000000002,6.72,zone.1,10,436.34,432.05,2,4.034999999999964,a1.b2,a1.b2,4.034999999999964
1.6,2018-04-20,NA,1.14,14.23,7.44,NA,0.8050000000000002,7.89,zone.1,11,437.29,432.05,3,3.8850000000000096,p2,p2,3.8850000000000096
1.6,2018-04-24,1.18,1.02,13.38,6.6,3.2200000000000006,0.4075000000000001,7.630000000000001,zone.1,12,437.21,432.05,0,2.2674999999999685,p2,p2,2.2674999999999685
1.6,2018-04-28,NA,1.09,13.09,6.79,NA,0.4075000000000001,6.590000000000001,zone.1,13,NA,432.05,1,NA,p2,p2,3.657499999999965
1.6,2018-05-02,NA,1.06,14.54,7.43,NA,0.4075000000000001,5.66,zone.1,14,437.78,432.05,2,5.047499999999961,a2,a2,5.047499999999961
1.6,2018-05-07,1.54,1.01,13.85,7.22,1.6300000000000003,1.0133333333333334,7.319999999999999,zone.1,15,437.8,432.05,3,4.613333333333333,a2,a2,4.613333333333333
1.6,2018-05-11,NA,1.11,13.1,7.08,NA,1.0133333333333334,6.77,zone.1,16,NA,432.05,1,NA,a2,a2,5.078333333333326
1.6,2018-05-14,NA,1.04,15.09,7.19,NA,1.0133333333333334,5.909999999999999,zone.1,17,437.69,432.05,2,5.54333333333332,a2,a2,5.54333333333332
1.2,2018-03-15,0,2,14.04,0,NA,1.0133333333333334,0,zone.1,1,436.18,433.18,1,4.013333333333334,b1,b1,4.013333333333334
1.2,2018-03-18,NA,1.17,15.07,6.96,NA,1.0133333333333334,7.079999999999999,zone.1,2,436.76,433.18,2,2.5933333333333177,b1,b1,2.5933333333333177
1.2,2018-03-22,NA,1.01,14.21,7.69,NA,1.0133333333333334,7.38,zone.1,3,437.3,433.18,3,1.963333333333338,b1,b1,1.963333333333338
1.2,2018-03-26,1.14,1.03,14.84,7.27,3.04,0.6100000000000002,6.940000000000001,zone.1,4,438.52,433.18,0,1.7699999999999756,p1,p1,1.7699999999999756
1.2,2018-03-29,NA,1.04,14.35,7.79,NA,0.6100000000000002,7.05,zone.1,5,438.21,433.18,1,5.639999999999973,p1,p1,5.639999999999973
1.2,2018-04-01,NA,1.08,15.63,7.49,NA,0.6100000000000002,6.859999999999999,zone.1,6,437.76,433.18,2,4.149999999999984,p1,p1,4.149999999999984
1.2,2018-04-05,NA,1.07,14.31,7.28,NA,0.6100000000000002,8.350000000000001,zone.1,7,438.17,433.18,3,3.4800000000000093,a1.b2,a1.b2,3.4800000000000093
1.2,2018-04-09,2.39,1.04,13.91,6.46,1.8300000000000005,0.6000000000000002,7.8500000000000005,zone.1,8,438.49,433.18,0,2.720000000000002,a1.b2,a1.b2,2.720000000000002
1.2,2018-04-13,NA,1.12,13.35,6.64,NA,0.6000000000000002,7.2700000000000005,zone.1,9,437.28,433.18,1,4.699999999999966,a1.b2,a1.b2,4.699999999999966
1.2,2018-04-16,NA,1.03,14.24,7.83,NA,0.6000000000000002,5.52,zone.1,10,436.8,433.18,2,3.1000000000000045,a1.b2,a1.b2,3.1000000000000045
1.2,2018-04-20,NA,1.11,13.56,7.78,NA,0.6000000000000002,6.46,zone.1,11,437.46,433.18,3,2.7299999999999724,p2,p2,2.7299999999999724
1.2,2018-04-24,2.5,1.07,13.71,7.26,1.8000000000000007,0.24249999999999994,6.300000000000001,zone.1,12,438.92,433.18,0,2.722500000000008,p2,p2,2.722500000000008
1.2,2018-04-28,NA,1.06,12.36,7.53,NA,0.24249999999999994,6.180000000000001,zone.1,13,NA,433.18,1,NA,p2,p2,4.282499999999988
1.2,2018-05-02,NA,1.01,14.21,7.99,NA,0.24249999999999994,4.369999999999999,zone.1,14,439.84,433.18,2,5.842499999999967,a2,a2,5.842499999999967
1.2,2018-05-07,2.17,1.04,14.39,7.65,0.9699999999999998,0.355,6.5600000000000005,zone.1,15,440.44,433.18,3,5.544999999999991,a2,a2,5.544999999999991
1.2,2018-05-11,NA,1.01,13.49,6.76,NA,0.355,7.630000000000001,zone.1,16,NA,433.18,1,NA,a2,a2,5.454999999999987
1.2,2018-05-14,NA,1.06,14.2,6.54,NA,0.355,6.95,zone.1,17,439.2,433.18,2,5.3649999999999824,a2,a2,5.3649999999999824
3.7,2018-03-15,0,2,16.64,0,NA,0.355,0,zone.3,1,438.29,435.29,1,3.355,b1,b1,3.355
3.7,2018-03-18,NA,1.17,19.28,10.13,NA,0.355,6.51,zone.3,2,438.13,435.29,2,1.194999999999975,b1,b1,1.194999999999975
3.7,2018-03-22,NA,1.12,13.52,7.57,NA,0.355,11.71,zone.3,3,439.07,435.29,3,0.9649999999999728,b1,b1,0.9649999999999728
3.7,2018-03-26,2.87,1.09,14.29,7.27,1.42,1.4933333333333332,6.25,zone.3,4,439.94,435.29,0,1.8533333333333104,p1,p1,1.8533333333333104
3.7,2018-03-29,NA,3.01,27.92,7.76,NA,1.4933333333333332,6.529999999999999,zone.3,5,437.31,435.29,1,3.513333333333315,p1,p1,3.513333333333315
3.7,2018-04-01,NA,3.01,26.19,21.74,NA,1.4933333333333332,6.180000000000003,zone.3,6,439.1,435.29,2,2.2933333333333357,p1,p1,2.2933333333333357
3.7,2018-04-05,NA,3.01,26.02,17.84,NA,1.4933333333333332,8.350000000000001,zone.3,7,441.5,435.29,3,1.6833333333333131,a1.b2,a1.b2,1.6833333333333131
3.7,2018-04-09,5.64,1.13,14.5,17.95,4.4799999999999995,0.6833333333333335,8.07,zone.3,8,443.9,435.29,0,0.2633333333332909,a1.b2,a1.b2,0.2633333333332909
3.7,2018-04-13,NA,1.11,13.52,7.59,NA,0.6833333333333335,6.91,zone.3,9,439.21,435.29,1,4.603333333333293,a1.b2,a1.b2,4.603333333333293
3.7,2018-04-16,NA,1.15,14.95,7.66,NA,0.6833333333333335,5.859999999999999,zone.3,10,438.5,435.29,2,2.783333333333313,a1.b2,a1.b2,2.783333333333313
3.7,2018-04-20,NA,1.1,14.7,7.74,NA,0.6833333333333335,7.209999999999999,zone.3,11,438.53,435.29,3,1.6633333333332856,p2,p2,1.6633333333332856
3.7,2018-04-24,2.44,3.05,26.24,8.25,2.0500000000000003,0.5099999999999998,6.449999999999999,zone.3,12,439.53,435.29,0,1.389999999999952,p2,p2,1.389999999999952
3.7,2018-04-28,NA,3.03,25.38,14.31,NA,0.5099999999999998,11.929999999999998,zone.3,13,NA,435.29,1,NA,p2,p2,3.6699999999999617
3.7,2018-05-02,NA,3.02,25.81,19.81,NA,0.5099999999999998,5.57,zone.3,14,443.76,435.29,2,5.949999999999971,a2,a2,5.949999999999971
3.7,2018-05-07,7.57,1.13,13.73,22.09,1.5299999999999994,1.2999999999999998,3.719999999999999,zone.3,15,444.7,435.29,3,4.659999999999968,a2,a2,4.659999999999968
3.7,2018-05-11,NA,1.02,12.79,10.17,NA,1.2999999999999998,3.5600000000000005,zone.3,16,NA,435.29,1,NA,a2,a2,5.004999999999981
3.7,2018-05-14,NA,1.09,14.51,9.49,NA,1.2999999999999998,3.299999999999999,zone.3,17,440.36,435.29,2,5.349999999999993,a2,a2,5.349999999999993
2.3,2018-03-15,0,2,19.38,0,NA,1.2999999999999998,0,zone.2,1,435.26,432.26,1,4.3,b1,b1,4.3
2.3,2018-03-18,NA,2.1,18.55,7.96,NA,1.2999999999999998,11.419999999999998,zone.2,2,435.74,432.26,2,2.780000000000018,b1,b1,2.780000000000018
2.3,2018-03-22,NA,2,18.94,6.78,NA,1.2999999999999998,11.77,zone.2,3,437.3,432.26,3,2.24000000000002,b1,b1,2.24000000000002
2.3,2018-03-26,0.9,2.1,19.03,9.14,5.199999999999999,1.205,9.8,zone.2,4,439.94,432.26,0,2.785000000000007,p1,p1,2.785000000000007
2.3,2018-03-29,NA,2.19,18.71,8.84,NA,1.205,10.190000000000001,zone.2,5,440.49,432.26,1,9.435000000000018,p1,p1,9.435000000000018
2.3,2018-04-01,NA,2.08,18.68,8.18,NA,1.205,10.530000000000001,zone.2,6,441.71,432.26,2,8.46499999999999,p1,p1,8.46499999999999
2.3,2018-04-05,NA,2.13,17.64,7.73,NA,1.205,10.95,zone.2,7,441.89,432.26,3,6.564999999999996,a1.b2,a1.b2,6.564999999999996
2.3,2018-04-09,3.68,2.06,18.15,7.66,4.82,1.0666666666666667,9.98,zone.2,8,442.51,432.26,0,4.916666666666668,a1.b2,a1.b2,4.916666666666668
2.3,2018-04-13,NA,2.01,19.65,7.65,NA,1.0666666666666667,10.499999999999998,zone.2,9,440.88,432.26,1,9.686666666666671,a1.b2,a1.b2,9.686666666666671
2.3,2018-04-16,NA,2.14,18.17,12.47,NA,1.0666666666666667,7.179999999999998,zone.2,10,441.58,432.26,2,8.37666666666666,a1.b2,a1.b2,8.37666666666666
2.3,2018-04-20,NA,2.11,18.62,8.65,NA,1.0666666666666667,9.520000000000001,zone.2,11,444.99,432.26,3,9.646666666666684,p2,p2,9.646666666666684
2.3,2018-04-24,5.12,2.02,19.63,9.32,3.2,1.4166666666666667,9.3,zone.2,12,448.14,432.26,0,11.036666666666662,p2,p2,11.036666666666662
2.3,2018-04-28,NA,2.04,19.09,8.16,NA,1.4166666666666667,11.469999999999999,zone.2,13,NA,432.26,1,NA,p2,p2,12.716666666666654
2.3,2018-05-02,NA,2.03,19.36,10.37,NA,1.4166666666666667,8.72,zone.2,14,447.28,432.26,2,14.396666666666649,a2,a2,14.396666666666649
2.3,2018-05-07,1.84,2.03,19.38,12.91,4.25,0.7333333333333333,6.449999999999999,zone.2,15,450.35,432.26,3,14.753333333333364,a2,a2,14.753333333333364
2.3,2018-05-11,NA,2.04,18.92,7.5,NA,0.7333333333333333,11.879999999999999,zone.2,16,NA,432.26,1,NA,a2,a2,14.363333333333363
2.3,2018-05-14,NA,2.06,20.33,7.14,NA,0.7333333333333333,11.780000000000001,zone.2,17,447.54,432.26,2,13.973333333333363,a2,a2,13.973333333333363
4.6,2018-03-15,0,2,12.07,0,NA,0.7333333333333333,0,zone.4,1,443.7,440.7,1,3.7333333333333334,b1,b1,3.7333333333333334
4.6,2018-03-18,NA,0.76,12.8,6.23,NA,0.7333333333333333,5.84,zone.4,2,443.45,440.7,2,1.4833333333333334,b1,b1,1.4833333333333334
4.6,2018-03-22,NA,0.81,11.7,6.92,NA,0.7333333333333333,5.880000000000001,zone.4,3,442.83,440.7,3,0.10333333333332873,b1,b1,0.10333333333332873
4.6,2018-03-26,1.37,0.78,12,6.77,2.1999999999999997,1.0900000000000003,4.93,zone.4,4,444.49,440.7,0,1.3100000000000205,p1,p1,1.3100000000000205
4.6,2018-03-29,NA,1.75,19.84,7.5,NA,1.0900000000000003,4.5,zone.4,5,443.74,440.7,1,4.13000000000002,p1,p1,4.13000000000002
4.6,2018-04-01,NA,1.83,20.64,8.89,NA,1.0900000000000003,10.95,zone.4,6,447.11,440.7,2,5.750000000000025,p1,p1,5.750000000000025
4.6,2018-04-05,NA,1.85,19.48,8.96,NA,1.0900000000000003,11.68,zone.4,7,445.97,440.7,3,2.780000000000039,a1.b2,a1.b2,2.780000000000039
4.6,2018-04-09,1.85,0.75,12.49,8.01,4.360000000000001,0.5349999999999999,11.47,zone.4,8,446.6,440.7,0,1.0050000000000343,a1.b2,a1.b2,1.0050000000000343
4.6,2018-04-13,NA,0.83,12.23,7.75,NA,0.5349999999999999,4.74,zone.4,9,444.96,440.7,1,4.794999999999991,a1.b2,a1.b2,4.794999999999991
4.6,2018-04-16,NA,0.69,12.58,6.87,NA,0.5349999999999999,5.36,zone.4,10,443.96,440.7,2,2.964999999999991,a1.b2,a1.b2,2.964999999999991
4.6,2018-04-20,NA,0.78,11.46,7.06,NA,0.5349999999999999,5.5200000000000005,zone.4,11,442.82,440.7,3,1.1350000000000047,p2,p2,1.1350000000000047
4.6,2018-04-24,0.91,1.76,20.29,7.43,2.1399999999999997,1.3033333333333332,4.030000000000001,zone.4,12,443.84,440.7,0,2.1433333333333193,p2,p2,2.1433333333333193
4.6,2018-04-28,NA,1.72,20.93,7.79,NA,1.3033333333333332,12.5,zone.4,13,NA,440.7,1,NA,p2,p2,4.688333333333343
4.6,2018-05-02,NA,1.78,20.71,12.05,NA,1.3033333333333332,8.879999999999999,zone.4,14,448.35,440.7,2,7.233333333333368,a2,a2,7.233333333333368
4.6,2018-05-07,1.35,0.78,12.12,10,3.9099999999999997,1.0533333333333332,10.71,zone.4,15,449.34,440.7,3,6.193333333333319,a2,a2,6.193333333333319
4.6,2018-05-11,NA,0.79,11.29,7.03,NA,1.0533333333333332,5.089999999999999,zone.4,16,NA,440.7,1,NA,a2,a2,5.363333333333346
4.6,2018-05-14,NA,0.8,12.43,6.49,NA,1.0533333333333332,4.799999999999999,zone.4,17,444.97,440.7,2,4.533333333333372,a2,a2,4.533333333333372
4.1,2018-03-15,0,2,11.68,0,NA,1.0533333333333332,0,zone.4,1,441.91,438.91,1,4.053333333333333,b1,b1,4.053333333333333
4.1,2018-03-18,NA,0.8,11.64,6.1,NA,1.0533333333333332,5.58,zone.4,2,441.39,438.91,2,1.5333333333332946,b1,b1,1.5333333333332946
4.1,2018-03-22,NA,0.8,12.69,6.56,NA,1.0533333333333332,5.080000000000001,zone.4,3,441,438.91,3,0.3433333333333082,b1,b1,0.3433333333333082
4.1,2018-03-26,0.44,0.83,12.26,6.37,3.1599999999999997,0.9733333333333333,6.319999999999999,zone.4,4,440.71,438.91,0,-0.8266666666667123,p1,p1,-0.8266666666667123
4.1,2018-03-29,NA,1.75,19.25,6.87,NA,0.9733333333333333,5.39,zone.4,5,441.04,438.91,1,3.1033333333333286,p1,p1,3.1033333333333286
4.1,2018-04-01,NA,1.8,19.58,11.52,NA,0.9733333333333333,7.73,zone.4,6,442.76,438.91,2,3.073333333333299,p1,p1,3.073333333333299
4.1,2018-04-05,NA,1.83,19.29,10.44,NA,0.9733333333333333,9.139999999999999,zone.4,7,442.96,438.91,3,1.4733333333332879,a1.b2,a1.b2,1.4733333333332879
4.1,2018-04-09,3.29,0.78,12.01,7.97,2.92,0.5125,11.32,zone.4,8,446.17,438.91,0,2.392499999999991,a1.b2,a1.b2,2.392499999999991
4.1,2018-04-13,NA,0.79,11.78,7.06,NA,0.5125,4.95,zone.4,9,442.03,438.91,1,3.632499999999948,a1.b2,a1.b2,3.632499999999948
4.1,2018-04-16,NA,0.76,13.26,7.48,NA,0.5125,4.299999999999999,zone.4,10,440.57,438.91,2,1.382499999999968,a1.b2,a1.b2,1.382499999999968
4.1,2018-04-20,NA,0.75,12.41,7.69,NA,0.5125,5.569999999999999,zone.4,11,439.53,438.91,3,-0.4175000000000524,p2,p2,-0.4175000000000524
4.1,2018-04-24,1.03,1.84,21.22,7.19,2.05,0.66,5.22,zone.4,12,440.1,438.91,0,-0.4500000000000023,p2,p2,-0.4500000000000023
4.1,2018-04-28,NA,1.72,23.27,8.46,NA,0.66,12.759999999999998,zone.4,13,NA,438.91,1,NA,p2,p2,2.2949999999999817
4.1,2018-05-02,NA,1.77,20.54,16.52,NA,0.66,6.75,zone.4,14,445.01,438.91,2,5.039999999999966,a2,a2,5.039999999999966
4.1,2018-05-07,2.69,0.75,12.7,12.99,2.64,1.74,7.549999999999999,zone.4,15,445.73,438.91,3,5.069999999999994,a2,a2,5.069999999999994
4.1,2018-05-11,NA,0.74,10.88,7.55,NA,1.74,5.1499999999999995,zone.4,16,NA,438.91,1,NA,a2,a2,4.329999999999984
4.1,2018-05-14,NA,0.74,17.08,6.39,NA,1.74,4.490000000000001,zone.4,17,441.5,438.91,2,3.589999999999975,a2,a2,3.589999999999975
2.2,2018-03-15,0,2,19.75,0,NA,1.74,0,zone.2,1,433.13,430.13,1,4.74,b1,b1,4.74
2.2,2018-03-18,NA,2.09,18.18,13.43,NA,1.74,6.32,zone.2,2,433.23,430.13,2,2.840000000000023,b1,b1,2.840000000000023
2.2,2018-03-22,NA,1.95,18.46,8.05,NA,1.74,10.129999999999999,zone.2,3,434.39,430.13,3,1.909999999999991,b1,b1,1.909999999999991
2.2,2018-03-26,0.82,2.15,18.84,7.49,5.22,1.55,10.97,zone.2,4,436.3,430.13,0,1.680000000000016,p1,p1,1.680000000000016
2.2,2018-03-29,NA,2.14,18.24,9.26,NA,1.55,9.58,zone.2,5,437.66,430.13,1,9.08000000000003,p1,p1,9.08000000000003
2.2,2018-04-01,NA,2.05,19.73,8.88,NA,1.55,9.359999999999998,zone.2,6,438.69,430.13,2,7.9700000000000015,p1,p1,7.9700000000000015
2.2,2018-04-05,NA,1.98,18.01,7.16,NA,1.55,12.57,zone.2,7,438.63,430.13,3,5.86,a1.b2,a1.b2,5.86
2.2,2018-04-09,3.67,2.06,19.05,7,4.65,1.9666666666666666,11.010000000000002,zone.2,8,439.47,430.13,0,5.136666666666698,a1.b2,a1.b2,5.136666666666698
2.2,2018-04-13,NA,2.03,18.5,8.33,NA,1.9666666666666666,10.72,zone.2,9,437.22,430.13,1,9.056666666666699,a1.b2,a1.b2,9.056666666666699
2.2,2018-04-16,NA,2.02,17.84,8.24,NA,1.9666666666666666,10.26,zone.2,10,437.88,430.13,2,7.686666666666667,a1.b2,a1.b2,7.686666666666667
2.2,2018-04-20,NA,2.08,18.3,7.55,NA,1.9666666666666666,10.29,zone.2,11,439.73,430.13,3,7.516666666666691,p2,p2,7.516666666666691
2.2,2018-04-24,2.29,2.02,18.89,8.43,5.8999999999999995,0.47750000000000004,9.870000000000001,zone.2,12,442.62,430.13,0,6.83750000000001,p2,p2,6.83750000000001
2.2,2018-04-28,NA,2.06,17.32,7.56,NA,0.47750000000000004,11.330000000000002,zone.2,13,NA,430.13,1,NA,p2,p2,10.502500000000005
2.2,2018-05-02,NA,2,20.56,9.6,NA,0.47750000000000004,7.720000000000001,zone.2,14,445.88,430.13,2,14.1675,a2,a2,14.1675
2.2,2018-05-07,4.17,2.03,18.09,11.4,1.9100000000000001,1.1749999999999998,9.159999999999998,zone.2,15,443.51,430.13,3,10.494999999999994,a2,a2,10.494999999999994
2.2,2018-05-11,NA,2.04,18.74,9.38,NA,1.1749999999999998,8.709999999999999,zone.2,16,NA,430.13,1,NA,a2,a2,11.824999999999989
2.2,2018-05-14,NA,2.07,20.27,11.67,NA,1.1749999999999998,7.0699999999999985,zone.2,17,444.15,430.13,2,13.154999999999983,a2,a2,13.154999999999983
2.5,2018-03-15,0,2,19.74,0,NA,1.1749999999999998,0,zone.2,1,439.29,436.29,1,4.175,b1,b1,4.175
2.5,2018-03-18,NA,2.09,17.55,9.82,NA,1.1749999999999998,9.919999999999998,zone.2,2,440.45,436.29,2,3.334999999999968,b1,b1,3.334999999999968
2.5,2018-03-22,NA,1.96,19.45,7.94,NA,1.1749999999999998,9.61,zone.2,3,441.04,436.29,3,1.835,b1,b1,1.835
2.5,2018-03-26,1.35,2.14,19.29,6.58,4.699999999999999,1.6666666666666672,12.87,zone.2,4,443.02,436.29,0,2.3466666666666285,p1,p1,2.3466666666666285
2.5,2018-03-29,NA,2.03,18.63,8.76,NA,1.6666666666666672,10.53,zone.2,5,445.32,436.29,1,10.69666666666664,p1,p1,10.69666666666664
2.5,2018-04-01,NA,2.06,19.54,8.98,NA,1.6666666666666672,9.649999999999999,zone.2,6,445.32,436.29,2,8.666666666666641,p1,p1,8.666666666666641
2.5,2018-04-05,NA,2.05,18.18,7.66,NA,1.6666666666666672,11.879999999999999,zone.2,7,446.07,436.29,3,7.35666666666664,a1.b2,a1.b2,7.35666666666664
2.5,2018-04-09,3.28,2.12,18.53,7.99,5.000000000000002,1.6333333333333337,10.19,zone.2,8,446.57,436.29,0,5.773333333333306,a1.b2,a1.b2,5.773333333333306
2.5,2018-04-13,NA,2.02,19.49,7.34,NA,1.6333333333333337,11.190000000000001,zone.2,9,445.59,436.29,1,10.933333333333287,a1.b2,a1.b2,10.933333333333287
2.5,2018-04-16,NA,2.06,19.4,8.16,NA,1.6333333333333337,11.329999999999998,zone.2,10,446.88,436.29,2,10.203333333333308,a1.b2,a1.b2,10.203333333333308
2.5,2018-04-20,NA,2.07,18.37,7.2,NA,1.6333333333333337,12.2,zone.2,11,446.92,436.29,3,8.18333333333333,p2,p2,8.18333333333333
2.5,2018-04-24,3.37,2.05,18.62,7.59,4.900000000000001,0.6500000000000004,10.780000000000001,zone.2,12,449.13,436.29,0,7.339999999999975,p2,p2,7.339999999999975
2.5,2018-04-28,NA,2.02,17.89,7.39,NA,0.6500000000000004,11.23,zone.2,13,NA,436.29,1,NA,p2,p2,9.964999999999979
2.5,2018-05-02,NA,2.06,20.65,8.4,NA,0.6500000000000004,9.49,zone.2,14,450.25,436.29,2,12.58999999999998,a2,a2,12.58999999999998
2.5,2018-05-07,4.18,2.11,18.52,11.83,1.950000000000001,0.9375000000000001,8.819999999999999,zone.2,15,450.23,436.29,3,10.797499999999998,a2,a2,10.797499999999998
2.5,2018-05-11,NA,2.08,19.65,11.66,NA,0.9375000000000001,6.859999999999999,zone.2,16,NA,436.29,1,NA,a2,a2,11.407499999999983
2.5,2018-05-14,NA,2.04,19.55,13.95,NA,0.9375000000000001,5.699999999999999,zone.2,17,449.45,436.29,2,12.017499999999968,a2,a2,12.017499999999968
2.6,2018-03-15,0,2,18.38,0,NA,0.9375000000000001,0,zone.2,1,446.92,443.92,1,3.9375,b1,b1,3.9375
2.6,2018-03-18,NA,2.14,17.78,9.23,NA,0.9375000000000001,9.149999999999999,zone.2,2,447.95,443.92,2,2.9674999999999727,b1,b1,2.9674999999999727
2.6,2018-03-22,NA,1.97,17.94,8.08,NA,0.9375000000000001,9.700000000000001,zone.2,3,448.7,443.92,3,1.5774999999999726,b1,b1,1.5774999999999726
2.6,2018-03-26,2.36,2.24,17.89,7.64,3.7500000000000004,1.4950000000000006,10.3,zone.2,4,450.22,443.92,0,1.685000000000012,p1,p1,1.685000000000012
2.6,2018-03-29,NA,2.06,18.55,10.97,NA,1.4950000000000006,6.92,zone.2,5,448.8,443.92,1,6.3749999999999964,p1,p1,6.3749999999999964
2.6,2018-04-01,NA,2.04,19.87,9.07,NA,1.4950000000000006,9.48,zone.2,6,451.05,443.92,2,6.564999999999996,p1,p1,6.564999999999996
2.6,2018-04-05,NA,2.08,18.13,8.15,NA,1.4950000000000006,11.72,zone.2,7,451,443.92,3,4.4749999999999845,a1.b2,a1.b2,4.4749999999999845
2.6,2018-04-09,2.44,2.08,18.75,7.19,5.980000000000002,1.64,10.939999999999998,zone.2,8,452.22,443.92,0,3.7600000000000113,a1.b2,a1.b2,3.7600000000000113
2.6,2018-04-13,NA,2.04,17.75,9.23,NA,1.64,9.52,zone.2,9,452.4,443.92,1,10.119999999999962,a1.b2,a1.b2,10.119999999999962
2.6,2018-04-16,NA,2.02,18.57,8.43,NA,1.64,9.32,zone.2,10,453.22,443.92,2,8.900000000000011,a1.b2,a1.b2,8.900000000000011
2.6,2018-04-20,NA,2.03,19.1,7.43,NA,1.64,11.14,zone.2,11,452.94,443.92,3,6.599999999999982,p2,p2,6.599999999999982
2.6,2018-04-24,3.25,2.1,17.69,9.6,4.92,0.9633333333333337,9.500000000000002,zone.2,12,450.04,443.92,0,0.9933333333333388,p2,p2,0.9933333333333388
2.6,2018-04-28,NA,2.04,18.51,7.73,NA,0.9633333333333337,9.96,zone.2,13,NA,443.92,1,NA,p2,p2,5.95333333333334
2.6,2018-05-02,NA,2.06,22.19,11.52,NA,0.9633333333333337,6.990000000000002,zone.2,14,455.91,443.92,2,10.913333333333343,a2,a2,10.913333333333343
2.6,2018-05-07,3.31,2.08,19.33,12.4,2.890000000000001,1.2766666666666666,9.790000000000001,zone.2,15,453.38,443.92,3,6.636666666666645,a2,a2,6.636666666666645
2.6,2018-05-11,NA,2.03,17.38,10.51,NA,1.2766666666666666,8.819999999999999,zone.2,16,NA,443.92,1,NA,a2,a2,9.191666666666656
2.6,2018-05-14,NA,2.09,19.34,10.77,NA,1.2766666666666666,6.609999999999999,zone.2,17,456.42,443.92,2,11.746666666666668,a2,a2,11.746666666666668
2.1,2018-03-15,0,2,19.22,0,NA,1.2766666666666666,0,zone.2,1,440.14,437.14,1,4.276666666666666,b1,b1,4.276666666666666
2.1,2018-03-18,NA,2.09,17.28,8.82,NA,1.2766666666666666,10.399999999999999,zone.2,2,441.29,437.14,2,3.4266666666667005,b1,b1,3.4266666666667005
2.1,2018-03-22,NA,2.17,17.77,7.51,NA,1.2766666666666666,9.770000000000001,zone.2,3,440.53,437.14,3,0.5766666666666531,b1,b1,0.5766666666666531
2.1,2018-03-26,2.43,2.15,18.3,7.68,3.8299999999999996,1.4250000000000003,10.09,zone.2,4,443.21,437.14,0,1.2349999999999937,p1,p1,1.2349999999999937
2.1,2018-03-29,NA,2.14,17.52,11.14,NA,1.4250000000000003,7.16,zone.2,5,442.48,437.14,1,6.7650000000000325,p1,p1,6.7650000000000325
2.1,2018-04-01,NA,2.03,19.75,10.27,NA,1.4250000000000003,7.25,zone.2,6,444.44,437.14,2,6.5850000000000115,p1,p1,6.5850000000000115
2.1,2018-04-05,NA,2.05,18.89,8.78,NA,1.4250000000000003,10.97,zone.2,7,445.5,437.14,3,5.615000000000014,a1.b2,a1.b2,5.615000000000014
2.1,2018-04-09,2.67,2.04,17.5,11.66,5.700000000000001,1,7.23,zone.2,8,445.69,437.14,0,3.330000000000011,a1.b2,a1.b2,3.330000000000011
2.1,2018-04-13,NA,2.01,18.95,8.97,NA,1,8.53,zone.2,9,442.54,437.14,1,6.400000000000034,a1.b2,a1.b2,6.400000000000034
2.1,2018-04-16,NA,2.14,18.44,8.4,NA,1,10.549999999999999,zone.2,10,446.08,437.14,2,7.929999999999998,a1.b2,a1.b2,7.929999999999998
2.1,2018-04-20,NA,2.08,19.55,8.9,NA,1,9.540000000000001,zone.2,11,447.2,437.14,3,6.910000000000002,p2,p2,6.910000000000002
2.1,2018-04-24,4.27,2.08,19.26,8.21,4,1.2999999999999998,11.34,zone.2,12,450.58,437.14,0,8.509999999999998,p2,p2,8.509999999999998
2.1,2018-04-28,NA,2.05,18.21,8.68,NA,1.2999999999999998,10.580000000000002,zone.2,13,NA,437.14,1,NA,p2,p2,10.815000000000001
2.1,2018-05-02,NA,2.01,19.93,9.94,NA,1.2999999999999998,8.270000000000001,zone.2,14,451.01,437.14,2,13.120000000000005,a2,a2,13.120000000000005
2.1,2018-05-07,2.24,2.04,18.9,9.58,3.8999999999999995,1.16,10.35,zone.2,15,452.2,437.14,3,12.160000000000004,a2,a2,12.160000000000004
2.1,2018-05-11,NA,2,18.72,8,NA,1.16,10.899999999999999,zone.2,16,NA,437.14,1,NA,a2,a2,14.685000000000008
2.1,2018-05-14,NA,2.03,19.24,9.57,NA,1.16,9.149999999999999,zone.2,17,455.19,437.14,2,17.21000000000001,a2,a2,17.21000000000001
1.7,2018-03-15,0,2,14.55,0,NA,1.16,0,zone.1,1,440,437,1,4.16,b1,b1,4.16
1.7,2018-03-18,NA,1.05,14.99,7.27,NA,1.16,7.280000000000001,zone.1,2,441.1,437,2,3.260000000000023,b1,b1,3.260000000000023
1.7,2018-03-22,NA,1.03,14.45,7.41,NA,1.16,7.58,zone.1,3,440.82,437,3,1.9299999999999933,b1,b1,1.9299999999999933
1.7,2018-03-26,0.6,1.16,14.34,6.41,3.48,0.9199999999999999,8.04,zone.1,4,441.82,437,0,1.659999999999993,p1,p1,1.659999999999993
1.7,2018-03-29,NA,1.09,15.11,7.37,NA,0.9199999999999999,6.97,zone.1,5,441.68,437,1,5.600000000000007,p1,p1,5.600000000000007
1.7,2018-04-01,NA,1.05,14.59,7.71,NA,0.9199999999999999,7.3999999999999995,zone.1,6,441.69,437,2,4.519999999999998,p1,p1,4.519999999999998
1.7,2018-04-05,NA,1.08,13.96,7.5,NA,0.9199999999999999,7.09,zone.1,7,440.95,437,3,2.729999999999989,a1.b2,a1.b2,2.729999999999989
1.7,2018-04-09,1.62,1.1,12.39,6.24,2.76,0.4075000000000001,7.720000000000001,zone.1,8,441.04,437,0,1.2275000000000205,a1.b2,a1.b2,1.2275000000000205
1.7,2018-04-13,NA,1.06,13.22,6.4,NA,0.4075000000000001,5.99,zone.1,9,440.65,437,1,4.057499999999977,a1.b2,a1.b2,4.057499999999977
1.7,2018-04-16,NA,1.1,14.55,7.25,NA,0.4075000000000001,5.970000000000001,zone.1,10,439.84,437,2,2.187499999999975,a1.b2,a1.b2,2.187499999999975
1.7,2018-04-20,NA,1.14,13.86,7.19,NA,0.4075000000000001,7.36,zone.1,11,440.61,437,3,1.8575000000000137,p2,p2,1.8575000000000137
1.7,2018-04-24,2.77,1.02,13.36,6.66,1.6300000000000003,0.39000000000000007,7.199999999999999,zone.1,12,441.96,437,0,2.04999999999998,p2,p2,2.04999999999998
1.7,2018-04-28,NA,1.09,13.36,7.85,NA,0.39000000000000007,5.51,zone.1,13,NA,437,1,NA,p2,p2,2.7250000000000014
1.7,2018-05-02,NA,1.06,14.21,7.69,NA,0.39000000000000007,5.669999999999999,zone.1,14,441.1,437,2,3.400000000000023,a2,a2,3.400000000000023
1.7,2018-05-07,1.61,1.01,13.77,7.36,1.5600000000000003,1.3266666666666669,6.8500000000000005,zone.1,15,441.3,437,3,3.476666666666678,a2,a2,3.476666666666678
1.7,2018-05-11,NA,1.11,13.81,7.13,NA,1.3266666666666669,6.64,zone.1,16,NA,437,1,NA,a2,a2,4.536666666666671
1.7,2018-05-14,NA,1.04,15.31,8.35,NA,1.3266666666666669,5.460000000000001,zone.1,17,442.38,437,2,5.596666666666662,a2,a2,5.596666666666662
3.5,2018-03-15,0,2,14.21,0,NA,1.3266666666666669,0,zone.3,1,432.62,429.62,1,4.326666666666667,b1,b1,4.326666666666667
3.5,2018-03-18,NA,1.1,15.08,7.57,NA,1.3266666666666669,6.640000000000001,zone.3,2,432.69,429.62,2,2.3966666666666603,b1,b1,2.3966666666666603
3.5,2018-03-22,NA,1.13,13.41,7.99,NA,1.3266666666666669,7.09,zone.3,3,432.94,429.62,3,1.54666666666666,b1,b1,1.54666666666666
3.5,2018-03-26,0.25,1.03,14.75,6.55,3.9800000000000004,1.446666666666667,6.86,zone.3,4,431.69,429.62,0,-0.7133333333333398,p1,p1,-0.7133333333333398
3.5,2018-03-29,NA,3.16,27.09,8.22,NA,1.446666666666667,6.529999999999999,zone.3,5,434.73,429.62,1,6.556666666666681,p1,p1,6.556666666666681
3.5,2018-04-01,NA,3.11,26.49,21.39,NA,1.446666666666667,5.699999999999999,zone.3,6,434.36,429.62,2,3.026666666666676,p1,p1,3.026666666666676
3.5,2018-04-05,NA,3.07,25.93,8.93,NA,1.446666666666667,17.56,zone.3,7,440.9,429.62,3,6.45666666666664,a1.b2,a1.b2,6.45666666666664
3.5,2018-04-09,6.03,1.12,14.53,9.8,4.340000000000001,1.1266666666666667,16.13,zone.3,8,442,429.62,0,4.1666666666666625,a1.b2,a1.b2,4.1666666666666625
3.5,2018-04-13,NA,1.08,13.78,7.69,NA,1.1266666666666667,6.839999999999999,zone.3,9,437.72,429.62,1,9.22666666666669,a1.b2,a1.b2,9.22666666666669
3.5,2018-04-16,NA,1.04,14.8,8.28,NA,1.1266666666666667,5.5,zone.3,10,436.33,429.62,2,6.756666666666646,a1.b2,a1.b2,6.756666666666646
3.5,2018-04-20,NA,1.13,13.76,7.85,NA,1.1266666666666667,6.950000000000001,zone.3,11,435.1,429.62,3,4.486666666666685,p2,p2,4.486666666666685
3.5,2018-04-24,0.99,3.09,26.35,6.57,3.38,0.8224999999999996,7.1899999999999995,zone.3,12,435.45,429.62,0,3.402499999999984,p2,p2,3.402499999999984
3.5,2018-04-28,NA,3.05,24.98,12.43,NA,0.8224999999999996,13.920000000000002,zone.3,13,NA,429.62,1,NA,p2,p2,7.467499999999987
3.5,2018-05-02,NA,3.01,26.46,14.74,NA,0.8224999999999996,10.24,zone.3,14,443.38,429.62,2,11.53249999999999,a2,a2,11.53249999999999
3.5,2018-05-07,5.86,1,14.33,12.93,3.2899999999999983,0.45000000000000007,13.530000000000001,zone.3,15,444.93,429.62,3,9.700000000000003,a2,a2,9.700000000000003
3.5,2018-05-11,NA,1.04,13.06,8.22,NA,0.45000000000000007,6.109999999999999,zone.3,16,NA,429.62,1,NA,a2,a2,8.555000000000001
3.5,2018-05-14,NA,1.12,15.12,8.56,NA,0.45000000000000007,4.5,zone.3,17,437.62,429.62,2,7.41,a2,a2,7.41
3.4,2018-03-15,0,2,15.51,0,NA,0.45000000000000007,0,zone.3,1,437.84,434.84,1,3.45,b1,b1,3.45
3.4,2018-03-18,NA,1.11,15.07,6.77,NA,0.45000000000000007,8.74,zone.3,2,437.79,434.84,2,1.4000000000000457,b1,b1,1.4000000000000457
3.4,2018-03-22,NA,1.05,14.42,6.96,NA,0.45000000000000007,8.11,zone.3,3,437.54,434.84,3,0.040000000000045444,b1,b1,0.040000000000045444
3.4,2018-03-26,2.36,1.09,13.65,6.93,1.8000000000000003,0.9566666666666667,7.49,zone.3,4,438.1,434.84,0,0.056666666666714494,p1,p1,0.056666666666714494
3.4,2018-03-29,NA,3.07,26.9,7.82,NA,0.9566666666666667,5.83,zone.3,5,436.12,434.84,1,2.236666666666696,p1,p1,2.236666666666696
3.4,2018-04-01,NA,3.01,26.46,18.6,NA,0.9566666666666667,8.299999999999997,zone.3,6,439.83,434.84,2,2.876666666666676,p1,p1,2.876666666666676
3.4,2018-04-05,NA,3.09,26.14,12.85,NA,0.9566666666666667,13.610000000000001,zone.3,7,441.98,434.84,3,2.01666666666671,a1.b2,a1.b2,2.01666666666671
3.4,2018-04-09,7.39,1.04,14.31,20.38,2.87,0.7866666666666665,5.760000000000002,zone.3,8,442.54,434.84,0,-0.6833333333332875,a1.b2,a1.b2,-0.6833333333332875
3.4,2018-04-13,NA,1.13,14.12,7.56,NA,0.7866666666666665,6.750000000000001,zone.3,9,435.81,434.84,1,1.756666666666694,a1.b2,a1.b2,1.756666666666694
3.4,2018-04-16,NA,1.06,15.01,8.37,NA,0.7866666666666665,5.75,zone.3,10,435.61,434.84,2,0.4266666666667053,a1.b2,a1.b2,0.4266666666667053
3.4,2018-04-20,NA,1.13,14.93,8.08,NA,0.7866666666666665,6.93,zone.3,11,435.44,434.84,3,-0.8033333333333107,p2,p2,-0.8033333333333107
3.4,2018-04-24,2,3.14,25.79,7.24,2.3599999999999994,0.7599999999999998,7.6899999999999995,zone.3,12,436.49,434.84,0,-0.909999999999966,p2,p2,-0.909999999999966
3.4,2018-04-28,NA,3.06,24.25,14.14,NA,0.7599999999999998,11.649999999999999,zone.3,13,NA,434.84,1,NA,p2,p2,2.7350000000000203
3.4,2018-05-02,NA,3.06,26.65,16.35,NA,0.7599999999999998,7.899999999999999,zone.3,14,443.52,434.84,2,6.380000000000006,a2,a2,6.380000000000006
3.4,2018-05-07,6.98,1.04,14.61,19.15,2.2799999999999994,0.4475,7.5,zone.3,15,445.42,434.84,3,4.90750000000004,a2,a2,4.90750000000004
3.4,2018-05-11,NA,1.05,13.45,7.52,NA,0.4475,7.09,zone.3,16,NA,434.84,1,NA,a2,a2,3.6075000000000323
3.4,2018-05-14,NA,1.04,15.37,8.73,NA,0.4475,4.719999999999999,zone.3,17,437.75,434.84,2,2.307500000000025,a2,a2,2.307500000000025
4.4,2018-03-15,0,2,12.1,0,NA,0.4475,0,zone.4,1,433.22,430.22,1,3.4475,b1,b1,3.4475
4.4,2018-03-18,NA,0.88,12.39,5.76,NA,0.4475,6.34,zone.4,2,432.47,430.22,2,0.6975,b1,b1,0.6975
4.4,2018-03-22,NA,0.85,11.96,6.42,NA,0.4475,5.970000000000001,zone.4,3,431.13,430.22,3,-1.5225000000000317,b1,b1,-1.5225000000000317
4.4,2018-03-26,1.94,0.84,12.69,6.71,1.79,0.915,5.250000000000001,zone.4,4,431.89,430.22,0,-1.1450000000000409,p1,p1,-1.1450000000000409
4.4,2018-03-29,NA,1.78,19.5,6.89,NA,0.915,5.8,zone.4,5,431.31,430.22,1,2.004999999999975,p1,p1,2.004999999999975
4.4,2018-04-01,NA,1.79,20.49,13.86,NA,0.915,5.640000000000001,zone.4,6,NA,430.22,2,NA,p1,p1,1.6849999999999783
4.4,2018-04-05,NA,1.88,20.22,9.27,NA,0.915,11.219999999999999,zone.4,7,434.24,430.22,3,1.3649999999999818,a1.b2,a1.b2,1.3649999999999818
4.4,2018-04-09,2.63,0.74,10.82,12.85,3.66,0.5900000000000002,7.369999999999999,zone.4,8,434.63,430.22,0,-0.4500000000000316,a1.b2,a1.b2,-0.4500000000000316
4.4,2018-04-13,NA,0.8,12.98,7.23,NA,0.5900000000000002,3.59,zone.4,9,432.55,430.22,1,2.9199999999999844,a1.b2,a1.b2,2.9199999999999844
4.4,2018-04-16,NA,0.78,13.65,7.3,NA,0.5900000000000002,5.680000000000001,zone.4,10,431.37,430.22,2,0.9399999999999774,a1.b2,a1.b2,0.9399999999999774
4.4,2018-04-20,NA,0.78,12.62,8.1,NA,0.5900000000000002,5.550000000000001,zone.4,11,430.79,430.22,3,-0.4200000000000067,p2,p2,-0.4200000000000067
4.4,2018-04-24,1.33,1.81,19.82,7.45,1.7700000000000005,0.89,5.169999999999999,zone.4,12,430.77,430.22,0,-0.9200000000000456,p2,p2,-0.9200000000000456
4.4,2018-04-28,NA,1.74,24.45,8.64,NA,0.89,11.18,zone.4,13,NA,430.22,1,NA,p2,p2,2.5099999999999585
4.4,2018-05-02,NA,1.74,19.95,15.72,NA,0.89,8.729999999999999,zone.4,14,437.01,430.22,2,5.939999999999963,a2,a2,5.939999999999963
4.4,2018-05-07,2.62,0.72,12.73,12.34,2.67,1.1400000000000001,7.609999999999999,zone.4,15,437.86,430.22,3,5.2999999999999865,a2,a2,5.2999999999999865
4.4,2018-05-11,NA,0.73,10.36,7.65,NA,1.1400000000000001,5.08,zone.4,16,NA,430.22,1,NA,a2,a2,5.109999999999989
4.4,2018-05-14,NA,0.81,14.34,5.84,NA,1.1400000000000001,4.52,zone.4,17,434.73,430.22,2,4.919999999999991,a2,a2,4.919999999999991
3.6,2018-03-15,0,2,14.44,0,NA,1.1400000000000001,0,zone.3,1,435.78,432.78,1,4.140000000000001,b1,b1,4.140000000000001
3.6,2018-03-18,NA,1.21,14.79,8.06,NA,1.1400000000000001,6.379999999999999,zone.3,2,436.27,432.78,2,2.630000000000009,b1,b1,2.630000000000009
3.6,2018-03-22,NA,1.11,14.25,7.31,NA,1.1400000000000001,7.4799999999999995,zone.3,3,436.56,432.78,3,1.7100000000000297,b1,b1,1.7100000000000297
3.6,2018-03-26,0.9,1.16,14.86,6.35,3.4200000000000004,0.6074999999999999,7.9,zone.3,4,437.45,432.78,0,0.9575000000000156,p1,p1,0.9575000000000156
3.6,2018-03-29,NA,3.13,27.48,9.1,NA,0.6074999999999999,5.76,zone.3,5,437.4,432.78,1,5.2275000000000045,p1,p1,5.2275000000000045
3.6,2018-04-01,NA,3.04,27.07,17.58,NA,0.6074999999999999,9.900000000000002,zone.3,6,441.66,432.78,2,6.357500000000052,p1,p1,6.357500000000052
3.6,2018-04-05,NA,3.15,25.6,15.21,NA,0.6074999999999999,11.86,zone.3,7,443.32,432.78,3,4.9775000000000205,a1.b2,a1.b2,4.9775000000000205
3.6,2018-04-09,8.05,1.11,17.92,15.21,2.4299999999999997,0.5250000000000001,10.39,zone.3,8,445.78,432.78,0,4.205,a1.b2,a1.b2,4.205
3.6,2018-04-13,NA,1.05,13.47,10.78,NA,0.5250000000000001,7.140000000000002,zone.3,9,438.55,432.78,1,6.295000000000039,a1.b2,a1.b2,6.295000000000039
3.6,2018-04-16,NA,1.13,15.91,6.87,NA,0.5250000000000001,6.6000000000000005,zone.3,10,438.11,432.78,2,4.8050000000000415,a1.b2,a1.b2,4.8050000000000415
3.6,2018-04-20,NA,1.11,14.19,8.35,NA,0.5250000000000001,7.5600000000000005,zone.3,11,437.71,432.78,3,3.2750000000000075,p2,p2,3.2750000000000075
3.6,2018-04-24,2.3,3.09,25.39,7.57,2.1000000000000005,0.6233333333333334,6.619999999999999,zone.3,12,437.95,432.78,0,2.503333333333349,p2,p2,2.503333333333349
3.6,2018-04-28,NA,3.05,23.72,17.31,NA,0.6233333333333334,8.080000000000002,zone.3,13,NA,432.78,1,NA,p2,p2,4.973333333333343
3.6,2018-05-02,NA,3.09,26.37,18.45,NA,0.6233333333333334,5.27,zone.3,14,442.65,432.78,2,7.443333333333338,a2,a2,7.443333333333338
3.6,2018-05-07,7.36,1.03,15.53,18.62,1.87,0.6666666666666666,7.75,zone.3,15,444.91,432.78,3,6.65666666666672,a2,a2,6.65666666666672
3.6,2018-05-11,NA,1.08,13.79,7.87,NA,0.6666666666666666,7.659999999999999,zone.3,16,NA,432.78,1,NA,a2,a2,5.816666666666714
3.6,2018-05-14,NA,1.04,13.64,7.58,NA,0.6666666666666666,6.209999999999999,zone.3,17,438.17,432.78,2,4.97666666666671,a2,a2,4.97666666666671
4.2,2018-03-15,0,2,11.11,0,NA,0.6666666666666666,0,zone.4,1,442.67,439.67,1,3.6666666666666665,b1,b1,3.6666666666666665
4.2,2018-03-18,NA,0.83,12.71,6.6,NA,0.6666666666666666,4.51,zone.4,2,442.44,439.67,2,1.4366666666666483,b1,b1,1.4366666666666483
4.2,2018-03-22,NA,0.82,11.79,6.29,NA,0.6666666666666666,6.420000000000001,zone.4,3,442.79,439.67,3,0.9566666666666711,b1,b1,0.9566666666666711
4.2,2018-03-26,1.65,0.8,13.32,6.3,2,0.9933333333333335,5.489999999999999,zone.4,4,443.81,439.67,0,1.48333333333332,p1,p1,1.48333333333332
4.2,2018-03-29,NA,1.73,19.6,7.98,NA,0.9933333333333335,5.34,zone.4,5,443.02,439.67,1,4.343333333333299,p1,p1,4.343333333333299
4.2,2018-04-01,NA,1.8,20.46,11.58,NA,0.9933333333333335,8.020000000000001,zone.4,6,445.31,439.67,2,4.90333333333332,p1,p1,4.90333333333332
4.2,2018-04-05,NA,1.78,20.17,8.65,NA,0.9933333333333335,11.81,zone.4,7,446.89,439.67,3,4.683333333333304,a1.b2,a1.b2,4.683333333333304
4.2,2018-04-09,3.13,0.76,10.99,10.01,2.9800000000000004,0.53,10.160000000000002,zone.4,8,447.54,439.67,0,3.0900000000000043,a1.b2,a1.b2,3.0900000000000043
4.2,2018-04-13,NA,0.82,12.01,7.39,NA,0.53,3.6000000000000005,zone.4,9,443.68,439.67,1,4.539999999999991,a1.b2,a1.b2,4.539999999999991
4.2,2018-04-16,NA,0.76,13.36,7.12,NA,0.53,4.89,zone.4,10,443.07,439.67,2,3.1099999999999772,a1.b2,a1.b2,3.1099999999999772
4.2,2018-04-20,NA,0.75,12.48,6.85,NA,0.53,6.51,zone.4,11,442.42,439.67,3,1.7,p2,p2,1.7
4.2,2018-04-24,0.97,1.76,20.64,6.39,2.12,0.7000000000000001,6.090000000000001,zone.4,12,442.5,439.67,0,1.1999999999999842,p2,p2,1.1999999999999842
4.2,2018-04-28,NA,1.8,21.43,8.58,NA,0.7000000000000001,12.06,zone.4,13,NA,439.67,1,NA,p2,p2,3.4699999999999798
4.2,2018-05-02,NA,1.72,20.37,13.74,NA,0.7000000000000001,7.6899999999999995,zone.4,14,446.51,439.67,2,5.739999999999975,a2,a2,5.739999999999975
4.2,2018-05-07,2.48,0.79,12.55,12.33,2.8000000000000003,1.07,8.040000000000001,zone.4,15,446.58,439.67,3,4.459999999999969,a2,a2,4.459999999999969
4.2,2018-05-11,NA,0.75,11.29,6.72,NA,1.07,5.830000000000001,zone.4,16,NA,439.67,1,NA,a2,a2,4.179999999999977
4.2,2018-05-14,NA,0.82,12.37,6.51,NA,1.07,4.779999999999999,zone.4,17,443.25,439.67,2,3.8999999999999844,a2,a2,3.8999999999999844
2.7,2018-03-15,0,2,23.78,0,NA,1.07,0,zone.2,1,429.84,426.84,1,4.07,b1,b1,4.07
2.7,2018-03-18,NA,2.1,24.48,17.25,NA,1.07,6.530000000000001,zone.2,2,430.51,426.84,2,2.740000000000016,b1,b1,2.740000000000016
2.7,2018-03-22,NA,2.16,17.44,15.44,NA,1.07,9.040000000000001,zone.2,3,432.1,426.84,3,2.2300000000000475,b1,b1,2.2300000000000475
2.7,2018-03-26,3.05,2.15,17.48,9.06,3.21,1.253333333333333,8.38,zone.2,4,434.72,426.84,0,2.873333333333385,p1,p1,2.873333333333385
2.7,2018-03-29,NA,2.09,17.96,10.91,NA,1.253333333333333,6.57,zone.2,5,433.72,426.84,1,8.133333333333386,p1,p1,8.133333333333386
2.7,2018-04-01,NA,2.12,20.04,11.15,NA,1.253333333333333,6.8100000000000005,zone.2,6,434.33,426.84,2,6.653333333333342,p1,p1,6.653333333333342
2.7,2018-04-05,NA,2.09,17.79,7.9,NA,1.253333333333333,12.139999999999999,zone.2,7,435.8,426.84,3,6.003333333333369,a1.b2,a1.b2,6.003333333333369
2.7,2018-04-09,4.69,2.1,17.84,7.57,3.759999999999999,1.9033333333333335,10.219999999999999,zone.2,8,437.31,426.84,0,6.073333333333361,a1.b2,a1.b2,6.073333333333361
2.7,2018-04-13,NA,2.05,18.62,10.18,NA,1.9033333333333335,7.66,zone.2,9,435.19,426.84,1,10.253333333333357,a1.b2,a1.b2,10.253333333333357
2.7,2018-04-16,NA,2.1,18.7,11.81,NA,1.9033333333333335,6.8100000000000005,zone.2,10,433.79,426.84,2,6.803333333333379,a1.b2,a1.b2,6.803333333333379
2.7,2018-04-20,NA,2.12,20.13,11.78,NA,1.9033333333333335,6.92,zone.2,11,434.7,426.84,3,5.6133333333333475,p2,p2,5.6133333333333475
2.7,2018-04-24,2.66,2.08,18.94,8.54,5.710000000000001,1.1800000000000002,11.59,zone.2,12,435.98,426.84,0,4.050000000000043,p2,p2,4.050000000000043
2.7,2018-04-28,NA,2.06,18.48,8.84,NA,1.1800000000000002,10.100000000000001,zone.2,13,NA,426.84,1,NA,p2,p2,7.150000000000047
2.7,2018-05-02,NA,2.01,19.48,12.88,NA,1.1800000000000002,5.6,zone.2,14,437.97,426.84,2,10.250000000000052,a2,a2,10.250000000000052
2.7,2018-05-07,1.43,2,18.54,9.77,4.720000000000001,0.41250000000000003,9.71,zone.2,15,438.81,426.84,3,8.312500000000027,a2,a2,8.312500000000027
2.7,2018-05-11,NA,2.11,18.96,11.2,NA,0.41250000000000003,7.34,zone.2,16,NA,426.84,1,NA,a2,a2,9.397500000000017
2.7,2018-05-14,NA,2.09,19.96,13.75,NA,0.41250000000000003,5.210000000000001,zone.2,17,439.02,426.84,2,10.482500000000007,a2,a2,10.482500000000007
4.7,2018-03-15,0,2,13.08,0,NA,0.41250000000000003,0,zone.4,1,432.93,429.93,1,3.4125,b1,b1,3.4125
4.7,2018-03-18,NA,0.81,15.32,7.99,NA,0.41250000000000003,5.09,zone.4,2,433.03,429.93,2,1.512499999999966,b1,b1,1.512499999999966
4.7,2018-03-22,NA,0.83,10.65,7.65,NA,0.41250000000000003,7.67,zone.4,3,433.51,429.93,3,1.1824999999999841,b1,b1,1.1824999999999841
4.7,2018-03-26,1.99,0.8,12.33,6,1.6500000000000001,0.9966666666666666,4.65,zone.4,4,434.08,429.93,0,1.5066666666666437,p1,p1,1.5066666666666437
4.7,2018-03-29,NA,1.75,19.94,7.91,NA,0.9966666666666666,4.42,zone.4,5,437.34,429.93,1,8.406666666666634,p1,p1,8.406666666666634
4.7,2018-04-01,NA,1.75,20.65,13.57,NA,0.9966666666666666,6.370000000000001,zone.4,6,434.64,429.93,2,3.956666666666646,p1,p1,3.956666666666646
4.7,2018-04-05,NA,1.75,20.15,11.98,NA,0.9966666666666666,8.669999999999998,zone.4,7,435.5,429.93,3,3.0666666666666598,a1.b2,a1.b2,3.0666666666666598
4.7,2018-04-09,3.06,0.75,11.6,11.89,2.9899999999999998,0.7166666666666667,8.259999999999998,zone.4,8,436.59,429.93,0,2.126666666666635,a1.b2,a1.b2,2.126666666666635
4.7,2018-04-13,NA,0.83,11.84,7.52,NA,0.7166666666666667,4.08,zone.4,9,433.27,429.93,1,4.056666666666642,a1.b2,a1.b2,4.056666666666642
4.7,2018-04-16,NA,0.69,11.45,6.3,NA,0.7166666666666667,5.54,zone.4,10,431.1,429.93,2,1.0566666666666826,a1.b2,a1.b2,1.0566666666666826
4.7,2018-04-20,NA,0.78,12.64,7.39,NA,0.7166666666666667,4.06,zone.4,11,432.52,429.93,3,1.7866666666666418,p2,p2,1.7866666666666418
4.7,2018-04-24,0.9,1.76,20.82,8.01,2.15,0.4966666666666666,4.630000000000001,zone.4,12,432.6,429.93,0,0.8666666666666826,p2,p2,0.8666666666666826
4.7,2018-04-28,NA,1.72,21.49,16.97,NA,0.4966666666666666,3.8500000000000014,zone.4,13,NA,429.93,1,NA,p2,p2,2.686666666666684
4.7,2018-05-02,NA,1.78,22.17,18.45,NA,0.4966666666666666,3.039999999999999,zone.4,14,435.66,429.93,2,4.5066666666666855,a2,a2,4.5066666666666855
4.7,2018-05-07,3.77,0.78,12.9,10.02,1.4899999999999998,0.9500000000000001,12.150000000000002,zone.4,15,439.73,429.93,3,7.250000000000012,a2,a2,7.250000000000012
4.7,2018-05-11,NA,0.79,11.81,7.98,NA,0.9500000000000001,4.92,zone.4,16,NA,429.93,1,NA,a2,a2,5.980000000000012
4.7,2018-05-14,NA,0.8,11.84,0,NA,0.9500000000000001,0,zone.4,17,434.48,429.93,2,4.7100000000000115,a2,a2,4.7100000000000115
2.4,2018-03-15,0,2,19.08,0,NA,0.9500000000000001,0,zone.2,1,437.1,434.1,1,3.95,b1,b1,3.95
2.4,2018-03-18,NA,2.06,18.27,12.88,NA,0.9500000000000001,6.1999999999999975,zone.2,2,437.43,434.1,2,2.2799999999999843,b1,b1,2.2799999999999843
2.4,2018-03-22,NA,2.13,20.93,10.33,NA,0.9500000000000001,7.9399999999999995,zone.2,3,438.69,434.1,3,1.4799999999999751,b1,b1,1.4799999999999751
2.4,2018-03-26,2.39,2.12,22.53,13.26,3.8000000000000003,0.7025000000000001,7.67,zone.2,4,440.26,434.1,0,0.6724999999999683,p1,p1,0.6724999999999683
2.4,2018-03-29,NA,2.06,17.67,16.29,NA,0.7025000000000001,6.240000000000002,zone.2,5,439.81,434.1,1,6.41249999999998,p1,p1,6.41249999999998
2.4,2018-04-01,NA,2.04,19.06,17.67,NA,0.7025000000000001,0,zone.2,6,440.27,434.1,2,4.812499999999959,p1,p1,4.812499999999959
2.4,2018-04-05,NA,2.08,18.66,9.65,NA,0.7025000000000001,9.409999999999998,zone.2,7,441.56,434.1,3,4.06249999999998,a1.b2,a1.b2,4.06249999999998
2.4,2018-04-09,5.49,2.1,17.53,9.47,2.8100000000000005,0.8533333333333335,9.19,zone.2,8,442.54,434.1,0,3.113333333333331,a1.b2,a1.b2,3.113333333333331
2.4,2018-04-13,NA,2.05,19.48,11.36,NA,0.8533333333333335,6.170000000000002,zone.2,9,439.08,434.1,1,5.833333333333295,a1.b2,a1.b2,5.833333333333295
2.4,2018-04-16,NA,2.16,16.72,12.76,NA,0.8533333333333335,6.720000000000001,zone.2,10,438.04,434.1,2,2.7433333333333314,a1.b2,a1.b2,2.7433333333333314
2.4,2018-04-20,NA,2.09,18.86,13.23,NA,0.8533333333333335,3.4899999999999984,zone.2,11,440.64,434.1,3,3.183333333333297,p2,p2,3.183333333333297
2.4,2018-04-24,5.84,2.03,18.39,15.47,2.5600000000000005,0.39333333333333326,3.389999999999999,zone.2,12,439.3,434.1,0,-0.7066666666666779,p2,p2,-0.7066666666666779
2.4,2018-04-28,NA,2.08,18.52,9.68,NA,0.39333333333333326,8.71,zone.2,13,NA,434.1,1,NA,p2,p2,3.0083333333333115
2.4,2018-05-02,NA,1.99,NA,14.09,NA,0.39333333333333326,4.43,zone.2,14,442.51,434.1,2,6.723333333333302,a2,a2,6.723333333333302
2.4,2018-05-07,4.92,2.02,19.52,12.55,1.1799999999999997,1.04,0,zone.2,15,444.18,434.1,3,7.049999999999984,a2,a2,7.049999999999984
2.4,2018-05-11,NA,2.6,19.04,15.98,NA,1.04,3.539999999999999,zone.2,16,NA,434.1,1,NA,a2,a2,6.954999999999972
2.4,2018-05-14,NA,2.06,19.99,12.92,NA,1.04,6.119999999999999,zone.2,17,442.52,434.1,2,6.8599999999999595,a2,a2,6.8599999999999595
3.2,2018-03-15,0,2,14.75,0,NA,1.04,0,zone.3,1,435.68,432.68,1,4.04,b1,b1,4.04
3.2,2018-03-18,NA,1.12,14.63,7.64,NA,1.04,7.11,zone.3,2,435.85,432.68,2,2.210000000000016,b1,b1,2.210000000000016
3.2,2018-03-22,NA,1.04,13.86,7.41,NA,1.04,7.220000000000001,zone.3,3,435.26,432.68,3,0.499999999999984,b1,b1,0.499999999999984
3.2,2018-03-26,1.04,1.16,15.29,5.98,3.12,1.0525,7.879999999999999,zone.3,4,436.02,432.68,0,0.23249999999997484,p1,p1,0.23249999999997484
3.2,2018-03-29,NA,3.1,25.75,8.48,NA,1.0525,6.809999999999999,zone.3,5,440.19,432.68,1,8.562499999999991,p1,p1,8.562499999999991
3.2,2018-04-01,NA,3.08,26.46,15.97,NA,1.0525,9.78,zone.3,6,438.73,432.68,2,4.002500000000011,p1,p1,4.002500000000011
3.2,2018-04-05,NA,3.17,25.48,13.62,NA,1.0525,12.840000000000002,zone.3,7,443.68,432.68,3,5.8725000000000005,a1.b2,a1.b2,5.8725000000000005
3.2,2018-04-09,6.3,1.04,13.48,14.47,4.21,0.6074999999999999,11.01,zone.3,8,442.98,432.68,0,1.5575000000000112,a1.b2,a1.b2,1.5575000000000112
3.2,2018-04-13,NA,1.04,13.87,7.39,NA,0.6074999999999999,6.090000000000001,zone.3,9,436.99,432.68,1,4.917500000000002,a1.b2,a1.b2,4.917500000000002
3.2,2018-04-16,NA,1.02,12.61,6,NA,0.6074999999999999,7.869999999999999,zone.3,10,435.16,432.68,2,2.047500000000018,a1.b2,a1.b2,2.047500000000018
3.2,2018-04-20,NA,1.11,13.75,7.26,NA,0.6074999999999999,5.35,zone.3,11,436.32,432.68,3,2.1874999999999862,p2,p2,2.1874999999999862
3.2,2018-04-24,1.78,3.11,24.89,6.97,2.4299999999999997,0.9866666666666667,6.78,zone.3,12,438.31,432.68,0,3.446666666666662,p2,p2,3.446666666666662
3.2,2018-04-28,NA,3.08,24.46,9.33,NA,0.9866666666666667,15.56,zone.3,13,NA,432.68,1,NA,p2,p2,6.426666666666664
3.2,2018-05-02,NA,3.06,26.16,17.31,NA,0.9866666666666667,7.150000000000002,zone.3,14,444.18,432.68,2,9.406666666666666,a2,a2,9.406666666666666
3.2,2018-05-07,6.29,1.06,14.32,13.08,2.96,0.36666666666666653,13.08,zone.3,15,447.63,432.68,3,9.176666666666655,a2,a2,9.176666666666655
3.2,2018-05-11,NA,1.08,14.89,7.83,NA,0.36666666666666653,6.49,zone.3,16,NA,432.68,1,NA,a2,a2,8.306666666666649
3.2,2018-05-14,NA,1.03,15.74,8.77,NA,0.36666666666666653,6.120000000000001,zone.3,17,440.83,432.68,2,7.4366666666666434,a2,a2,7.4366666666666434
1.3,2018-03-15,0,2,13.34,0,NA,0.36666666666666653,0,zone.1,1,441.01,438.01,1,3.3666666666666667,b1,b1,3.3666666666666667
1.3,2018-03-18,NA,1.1,13.98,7.69,NA,0.36666666666666653,5.6499999999999995,zone.1,2,440.43,438.01,2,0.7866666666666824,b1,b1,0.7866666666666824
1.3,2018-03-22,NA,1,13.98,7.56,NA,0.36666666666666653,6.420000000000001,zone.1,3,440.55,438.01,3,-0.1933333333333131,b1,b1,-0.1933333333333131
1.3,2018-03-26,3,1.06,13.93,6.73,1.0999999999999996,0.5200000000000001,7.25,zone.1,4,441.96,438.01,0,0.36999999999998867,p1,p1,0.36999999999998867
1.3,2018-03-29,NA,1.06,14.52,7.73,NA,0.5200000000000001,6.199999999999999,zone.1,5,440.08,438.01,1,2.589999999999993,p1,p1,2.589999999999993
1.3,2018-04-01,NA,1.13,14.77,6.98,NA,0.5200000000000001,7.539999999999999,zone.1,6,440.92,438.01,2,2.370000000000025,p1,p1,2.370000000000025
1.3,2018-04-05,NA,1.07,14.33,7.3,NA,0.5200000000000001,7.47,zone.1,7,440.63,438.01,3,0.9500000000000047,a1.b2,a1.b2,0.9500000000000047
1.3,2018-04-09,2.76,1.04,14.18,7.14,1.5600000000000005,0.69,7.19,zone.1,8,440.79,438.01,0,0.2100000000000295,a1.b2,a1.b2,0.2100000000000295
1.3,2018-04-13,NA,1.12,13.15,7.99,NA,0.69,6.1899999999999995,zone.1,9,439.68,438.01,1,2.360000000000016,a1.b2,a1.b2,2.360000000000016
1.3,2018-04-16,NA,1.12,13.22,6.03,NA,0.69,7.12,zone.1,10,438.71,438.01,2,0.26999999999998847,a1.b2,a1.b2,0.26999999999998847
1.3,2018-04-20,NA,1.05,14.14,8.22,NA,0.69,5,zone.1,11,439.86,438.01,3,0.30000000000002247,p2,p2,0.30000000000002247
1.3,2018-04-24,1.57,1.14,13.33,7.26,2.76,0.42499999999999993,6.880000000000001,zone.1,12,440.16,438.01,0,-0.7149999999999662,p2,p2,-0.7149999999999662
1.3,2018-04-28,NA,1,12.24,7.69,NA,0.42499999999999993,5.64,zone.1,13,NA,438.01,1,NA,p2,p2,1.0750000000000157
1.3,2018-05-02,NA,1.04,14.32,7.5,NA,0.42499999999999993,4.74,zone.1,14,441.45,438.01,2,2.8649999999999975,a2,a2,2.8649999999999975
1.3,2018-05-07,1.48,1.01,13.55,6.98,1.6999999999999997,1.1133333333333335,7.34,zone.1,15,441.72,438.01,3,2.7833333333333696,a2,a2,2.7833333333333696
1.3,2018-05-11,NA,1.06,14.78,7.16,NA,1.1133333333333335,6.390000000000001,zone.1,16,NA,438.01,1,NA,a2,a2,3.623333333333364
1.3,2018-05-14,NA,1.01,14.29,7.34,NA,1.1133333333333335,7.4399999999999995,zone.1,17,442.42,438.01,2,4.463333333333359,a2,a2,4.463333333333359
1.5,2018-03-15,0,2,13.89,0,NA,1.1133333333333335,0,zone.1,1,441.04,438.04,1,4.113333333333333,b1,b1,4.113333333333333
1.5,2018-03-18,NA,1.09,13.82,7.45,NA,1.1133333333333335,6.44,zone.1,2,440.24,438.04,2,1.3133333333333221,b1,b1,1.3133333333333221
1.5,2018-03-22,NA,1.15,13.05,7.63,NA,1.1133333333333335,6.19,zone.1,3,440.8,438.04,3,0.7833333333333243,b1,b1,0.7833333333333243
1.5,2018-03-26,0.9,1.12,14.78,6.73,3.3400000000000003,0.9733333333333335,6.32,zone.1,4,440.88,438.04,0,-0.4266666666666915,p1,p1,-0.4266666666666915
1.5,2018-03-29,NA,1.03,15.67,8.34,NA,0.9733333333333335,6.4399999999999995,zone.1,5,441.26,438.04,1,4.193333333333304,p1,p1,4.193333333333304
1.5,2018-04-01,NA,1.12,15.52,8.69,NA,0.9733333333333335,6.98,zone.1,6,441.36,438.04,2,3.2633333333333265,p1,p1,3.2633333333333265
1.5,2018-04-05,NA,1.17,13.52,8.31,NA,0.9733333333333335,7.209999999999999,zone.1,7,441.17,438.04,3,1.9533333333333287,a1.b2,a1.b2,1.9533333333333287
1.5,2018-04-09,1.52,1.11,14,6.67,2.9200000000000004,0.7000000000000002,6.85,zone.1,8,441.34,438.04,0,0.6799999999999546,a1.b2,a1.b2,0.6799999999999546
1.5,2018-04-13,NA,1.08,13.81,7.75,NA,0.7000000000000002,6.25,zone.1,9,442.07,438.04,1,4.729999999999973,a1.b2,a1.b2,4.729999999999973
1.5,2018-04-16,NA,1.02,12.9,6.89,NA,0.7000000000000002,6.920000000000001,zone.1,10,439.39,438.04,2,0.969999999999966,a1.b2,a1.b2,0.969999999999966
1.5,2018-04-20,NA,1.14,14.99,8.64,NA,0.7000000000000002,4.26,zone.1,11,441.96,438.04,3,2.519999999999959,p2,p2,2.519999999999959
1.5,2018-04-24,2.25,1.02,14.7,8.91,2.1000000000000005,0.3500000000000001,6.08,zone.1,12,442.52,438.04,0,1.5899999999999617,p2,p2,1.5899999999999617
1.5,2018-04-28,NA,1.09,12.27,8.21,NA,0.3500000000000001,6.489999999999998,zone.1,13,NA,438.04,1,NA,p2,p2,2.299999999999981
1.5,2018-05-02,NA,1.06,14.31,8.12,NA,0.3500000000000001,4.15,zone.1,14,441.79,438.04,2,3.0100000000000002,a2,a2,3.0100000000000002
1.5,2018-05-07,1.77,1.01,12.65,7.8,1.4000000000000004,0.6874999999999998,6.510000000000001,zone.1,15,441.36,438.04,3,1.8574999999999928,a2,a2,1.8574999999999928
1.5,2018-05-11,NA,1.11,14.59,8.94,NA,0.6874999999999998,3.710000000000001,zone.1,16,NA,438.04,1,NA,a2,a2,3.102499999999987
1.5,2018-05-14,NA,1.04,14.82,7.64,NA,0.6874999999999998,6.95,zone.1,17,442.81,438.04,2,4.3474999999999815,a2,a2,4.3474999999999815
3.1,2018-03-15,0,2,13.56,0,NA,0.6874999999999998,0,zone.3,1,431.67,428.67,1,3.6875,b1,b1,3.6875
3.1,2018-03-18,NA,1.13,14.45,7.27,NA,0.6874999999999998,6.290000000000001,zone.3,2,432.03,428.67,2,2.047499999999957,b1,b1,2.047499999999957
3.1,2018-03-22,NA,1.15,14.72,6.47,NA,0.6874999999999998,7.9799999999999995,zone.3,3,432.06,428.67,3,0.9474999999999862,b1,b1,0.9474999999999862
3.1,2018-03-26,1.53,1.16,14.28,7.55,2.749999999999999,2.3366666666666664,7.170000000000001,zone.3,4,432.28,428.67,0,1.6666666666666234,p1,p1,1.6666666666666234
3.1,2018-03-29,NA,3.14,27.35,7.99,NA,2.3366666666666664,6.289999999999999,zone.3,5,432.04,428.67,1,5.7066666666666706,p1,p1,5.7066666666666706
3.1,2018-04-01,NA,3.08,26.38,18.89,NA,2.3366666666666664,8.46,zone.3,6,434.32,428.67,2,4.846666666666644,p1,p1,4.846666666666644
3.1,2018-04-05,NA,3.03,23.91,13.98,NA,2.3366666666666664,12.399999999999999,zone.3,7,439.75,428.67,3,7.1966666666666494,a1.b2,a1.b2,7.1966666666666494
3.1,2018-04-09,3.4,1.08,13.49,12.22,7.01,0.7000000000000002,11.69,zone.3,8,437.99,428.67,0,0.7699999999999938,a1.b2,a1.b2,0.7699999999999938
3.1,2018-04-13,NA,1.07,14.32,7.65,NA,0.7000000000000002,5.84,zone.3,9,435.2,428.67,1,7.229999999999973,a1.b2,a1.b2,7.229999999999973
3.1,2018-04-16,NA,1.07,13.39,6.68,NA,0.7000000000000002,7.640000000000001,zone.3,10,433.26,428.67,2,4.219999999999975,a1.b2,a1.b2,4.219999999999975
3.1,2018-04-20,NA,1.09,14.37,7.81,NA,0.7000000000000002,5.580000000000001,zone.3,11,434.61,428.67,3,4.499999999999997,p2,p2,4.499999999999997
3.1,2018-04-24,2.21,3.01,25.67,6.22,2.1000000000000005,1.6233333333333333,8.149999999999999,zone.3,12,433.57,428.67,0,3.2933333333333104,p2,p2,3.2933333333333104
3.1,2018-04-28,NA,3.01,24.99,10.34,NA,1.6233333333333333,15.330000000000002,zone.3,13,NA,428.67,1,NA,p2,p2,7.013333333333325
3.1,2018-05-02,NA,3.06,26.9,16.36,NA,1.6233333333333333,8.629999999999999,zone.3,14,440.79,428.67,2,10.733333333333338,a2,a2,10.733333333333338
3.1,2018-05-07,4.21,1.01,14.68,13.94,4.87,NA,12.959999999999999,zone.3,15,442.42,428.67,3,NA,a2,a2,10.733333333333338
3.1,2018-05-11,NA,1.05,14.7,6.83,NA,NA,7.85,zone.3,16,NA,428.67,1,NA,a2,a2,10.733333333333338
3.1,2018-05-14,NA,1.03,14.78,7.37,NA,NA,7.329999999999999,zone.3,17,437.87,428.67,2,NA,a2,a2,10.733333333333338
